概念名称,概念类型
MSCI概念,general
优先股概念,other
富时罗素概念股,general
标普道琼斯A股,general
住房租赁,other
体育产业,general
冰雪产业,general
安邦系,other
宝能系,other
超级品牌,general
华为概念,general
壳资源,general
生物医药,general
网络安全,general
网络游戏,general
固废处理,general
国际板,other
广东自贸区,general
废气处理,other
地方国资改革,other
广东国资改革,other
深圳国资改革,general
粤港澳大湾区,general
举牌,general
国资驰援,general
独角兽概念,general
5G,general
PPP概念,general
云计算,general
央企国资改革,general
工业4.0,general
智能服务,other
机器人概念,general
腾讯概念,general
融资租赁,other
铁路基建,other
高铁,general
低碳,other
充电桩,general
分拆上市意愿,general
创投,general
参股新三板,general
土地流转,general
小金属概念,general
新能源汽车,general
石墨烯,general
稀土永磁,general
聚土地概念,other
负极材料,other
钴,general
锂电池,general
黄金概念,general
ST板块,general
园林开发,other
天然气,general
美丽中国,general
含B股,other
机构重仓,other
OLED,general
光伏概念,general
多晶硅,other
太阳能,other
建筑节能,other
新能源,other
特斯拉,general
特种玻璃,other
玻璃,other
玻璃纤维,other
绿色建筑,other
触摸屏,other
雄安新区,general
IPV6,other
互联网电视,other
人民币贬值受益,general
家用电器,general
小间距LED,other
智能家居,general
智能电视,other
污水处理,general
王者荣耀,other
兜底增持,other
民营医院,general
装配式建筑,general
调味品,other
元器件,other
移动互联网,other
TMT,other
三星,other
内存,other
区块链,general
医疗器械概念,general
存储芯片,other
挖矿设备,other
数据存储,other
智能电网,general
比特币,other
电子信息,other
节能照明,general
芯片封装测试,other
芯片概念,general
蓝宝石,general
超级电容,other
集成电路概念,general
垃圾分类,general
中航系,other
仪电仪表,other
军工,general
智能穿戴,general
电子商务,general
互联网+,general
互联网保险,general
参股券商,general
垃圾发电,other
宁德时代概念,general
电力改革,general
租售同权,general
节能环保,general
证金持股,general
风电,general
互联网医疗,general
医保目录,other
单抗,other
抗癌,other
智能医疗,general
吉林国资改革,other
汽车电子,general
中粮系,other
期货概念,general
安防,general
无线充电,general
智慧城市,general
柔性屏,general
移动转售,other
数字中国,general
数字孪生,general
物联网,general
边缘计算,general
PTA,other
核电,general
人工智能,general
工业大麻,general
广告营销,other
文化传媒,general
LNG加气站,other
中非合作,other
冷链物流,general
参股银行,general
可燃冰,general
海工装备,general
海水淡化,other
海洋经济,other
航运概念,general
高端装备,general
一带一路,general
OLED材料,other
超清视频,general
信托概念,general
北汽新能源,general
参股保险,general
金控平台,other
摘帽,general
猪肉,general
小米概念,general
恒大概念,other
消费电子,general
苹果概念,general
锂电制造,other
MiniLED,general
OLED面板,other
VR设备,other
全息手机,other
全面屏,other
国开行,other
屏下指纹技术,other
智能眼镜,other
虚拟现实,general
裸眼3D,other
幕墙,other
智能物流,general
林场改革,other
光伏玻璃,other
卫星导航,general
电子竞技,general
丁二烯,other
中兵系,other
尿素,other
沥青,other
油价下调,other
油品改革,general
煤化工,general
石墨电极,general
稀有金属,other
稀缺资源,general
铅,other
铟,other
乡村振兴,general
农村电商,general
家庭农场,other
数字乡村,general
新零售,general
物流电商平台,general
生物育种,other
食品安全,general
互联网金融,general
华为海思概念股,general
5G主设备,other
三网融合,other
京东概念,other
光纤,other
光通信设备,other
国产操作系统,general
宽带中国,other
智能手表,other
物联网平台层,other
白马爆雷,other
网络切片,general
虚拟运营商,other
中巴经济走廊,other
航天军工,other
军民融合,general
国改双百行动,other
大数据,general
车联网,general
山西国资改革,other
海绵城市,other
股权转让,general
特色小镇,general
光纤光缆,other
国产伟哥,other
多肽药,other
流感,other
生物疫苗,general
登革热,other
禽流感,general
超级真菌,general
油改气,other
航运港口,other
春运,other
大飞机,general
无人机,general
私人飞机,other
通用航空,general
太赫兹,other
中医药,other
健康中国,general
养老概念,general
基建工程,other
安徽国资改革,other
眼科医疗,general
金改,general
双氧水,other
四川国资改革,other
成渝特区,other
盐酸,other
硝酸,other
硫酸钾,other
二胎概念,general
物联网应用层,other
蚂蚁金服概念,general
一号文件,other
公路建设,other
农机,general
工业互联网,general
挖掘机,other
新型城镇化,other
机械装备,other
互联网银行,other
京津冀一体化,general
口罩,other
国产软件,general
正定新区,other
灾备存储,other
雄安软件,other
雄安金融,other
新疆振兴,general
涤纶,other
长三角一体化,general
工业机器人,other
新能源整车,other
燃料电池,general
互联网电力,other
特高压,general
电力物联网,general
配电网,other
债转股,general
冬奥会,other
北京国资改革,other
北京环球影城,other
水泥,general
雄安基建,other
中央政务区,other
静安闸北合并,other
血液制品,other
地热能,other
服务机器人,other
镍氢电池,other
地下管网,general
平安资管持股,other
转基因,other
页岩气,general
盐湖提锂,other
金属镁,other
锂电原料,other
山东国资改革,other
机床制造,other
浙江国资改革,other
天津自贸区,general
小额贷款,other
海航系,other
航空租赁,other
飞机租赁,other
商超百货,other
消费金融,general
存准率扩围,other
村镇银行,other
湖南国资改革,other
碳纤维,general
粘胶短纤,other
南京国资改革,other
江苏国资改革,other
PVC,other
化肥,other
己二酸,other
湖北国资改革,other
烧碱,other
甲醛,other
磷化工,general
聚氯乙烯,other
保健品,other
老字号,other
大国重器标的,other
新能源物流车,other
钌催化剂,other
铁矿石,other
锌,other
情人节,other
微信概念,other
人民币升值,other
白卡纸,other
武汉自贸区,other
东盟北部湾,other
海南旅游岛,other
海南自贸区,other
人造肉,general
合同能源管理,other
干细胞,other
细胞免疫治疗,general
横琴新区,general
珠海主题公园,other
珠海国资改革,other
珠港澳物流合作园,other
票交所,other
职业教育,general
创新药,other
哮喘,other
基因测序,general
重庆国资改革,other
重庆自贸区,other
长江经济带,other
西安自贸区,other
陕西自贸区,other
体外诊断,other
增碳剂,other
新材料概念,general
火箭军,other
超硬材料,other
阅兵,other
啤酒概念,general
白糖,other
在线旅游,general
百草枯,other
草地贪夜蛾防治,general
草甘膦,general
紫光系,other
高校,general
大连自贸区,other
互联网平台,other
澳交所概念,general
重金属治理,other
商誉减值,general
航空发动机,other
3D玻璃,other
沪台通,other
老龄化,other
油页岩,other
海上风电,other
养老地产,other
跨境电商,general
绿色消费,other
河南国资改革,other
秸秆综合利用,other
钛白粉,general
危废处理,other
VR平台,other
湖南自贸区,other
汽车制造概念,other
PM2.5,general
氢能源,general
空气净化,other
甘肃国资改革,other
寨卡病毒概念,other
两桶油改革,general
油价上调,other
京东金融概念,other
年报预增,general
量子通信,general
生态农业,general
葡萄酒替白酒,other
世界杯,other
互联网彩票,general
杭州亚运会,general
足球概念,general
参股万达商业,general
参股民营银行,other
电机电控,other
航空航天,other
无人零售,general
乙二醇,other
建筑涂料,other
仿制药,other
抗肿瘤,other
春节概念,other
白酒概念,general
锂电隔膜,other
牛羊肉,other
电石,other
共享汽车,other
共享经济,other
无人驾驶,general
智能汽车,other
尾气治理,other
油品升级,other
节能减排,other
东盟自贸区,general
北部湾自贸区,other
脱硫脱硝,other
黑龙江自贸区,general
橡胶,other
胎压监测,general
贵州国资改革,other
能源互联网,general
福建自贸区,general
纤维板,other
风沙治理,other
供气,other
西气东输,other
青蒿素,general
鸡尾酒,other
抗艾滋病,other
维生素,other
水价改革,other
中韩自贸区,general
雄安交通,other
青岛自贸区,other
生物质能,general
天津国资改革,other
雄安环保,other
SAAS,other
胶原蛋白,other
在线教育,general
平面媒体,other
幼儿教育,other
知识产权保护,general
网络视频,other
融媒体,general
P2P概念,other
钼,other
雄安地产,other
锌电池,other
煤层气,other
安徽自贸区,other
人参,other
SDR概念,other
舟山新区,other
钒涨价,other
钛,other
铜冶炼,other
海峡西岸,other
3D打印,general
4D打印,other
基站射频,other
正极材料,other
电阻,other
陶瓷电容,other
液化气,other
磁悬浮,other
聚丙烯,other
商品新零售,other
地沟油概念,other
阿里巴巴概念,general
HPV疫苗,other
钨,other
儿童医药医疗,other
兽药,other
殡仪服务,other
VR影视,other
农业种植,general
天然气管道,other
台湾概念股,general
芯片设计,other
迪士尼,general
工程建材,other
影视娱乐,other
音乐产业,other
搜索引擎,other
数字营销,other
数字货币,general
象牙加工销售,other
区块链储备,other
图像识别,other
数字视觉,other
百度概念,general
黑洞概念,general
依法治国概念,other
智慧党建,other
智能表,other
参股新股,other
互联网券商,other
辽宁国资改革,other
丙烯酸,general
汽车关税下调,other
物联网感知层,other
电子标签,other
电子车牌,other
移动支付,general
锦纶,other
液氯,other
特钢概念,general
钒电池,other
基因芯片,other
土壤修复,other
智能建筑,other
节水灌溉,other
农业供给侧改革,other
大豆,general
玉米,general
玉米种业,other
动漫,other
供应链金融,general
供销社,other
焦煤,other
粗苯,other
棉花种植,other
富士康概念,general
萤石,other
送转填权,general
IGBT,other
太空望远镜,other
农垦改革,other
赛马概念,general
碳纳米管,other
钠离子电池,other
除雪概念,other
国产航母,general
预警机,other
动物疫苗,general
外资券商影子股,general
氨纶,other
医药电商,general
二手车,other
便利店,other
双十一,other
西藏国资改革,other
铬铁,other
高岭土概念,other
际华系,other
水利,general
中材系,other
人脑工程,other
鼠疫,other
钢结构,other
钾离子电池,other
奥运会,other
游轮,other
首都副中心,other
智能交通,general
网约车,general
氧化铝,other
炭素,other
通信基站,other
OLED显示模组,other
智能音箱,general
烟草,general
GPU,other
TDI,other
环氧丙烷,other
MTBE,other
大疆创新概念,other
白炭黑,other
硝酸钠,other
食盐,other
联想概念,other
互联网钢铁,other
嫦娥概念,other
农村环境治理,other
众筹概念,other
有机硅,other
聚碳酸酯,other
稀土整合,other
VR直播,other
中概股回归,other
油气装备,other
雄安地热,other
塑料钞票,other
膜材料,other
中澳自贸区,other
乳业,general
养鸡,general
饲料,other
铜,other
河南自贸区,other
MSCI预期,general
军用无人机,other
超导,general
厄尔尼诺概念,other
军工改制,other
太空互联网,other
航天系,other
磷酸一铵,other
云南国资改革,other
自由贸易港,general
ETC,general
参股360,other
节能电机,other
二维码识别,general
兰州自贸区,other
燃料乙醇,general
抗辐射药,other
黄光裕概念,other
AI芯片,other
共享单车,general
固态硬盘,other
国产替代,other
超级计算机,other
ATM机,other
去IOE,other
新版人民币,other
金融IC,general
中字头股票,general
埃博拉概念,other
区块链应用,other
大上海,other
征信,other
冬虫夏草,other
胰岛素,other
液态金属,other
新疆建设兵团,other
物流骨干网,other
显卡,other
机器学习,other
网易概念,other
东湖高新园区,other
传感器,other
引力波,other
激光器,other
互联网期货,other
人脸识别,general
医药安全,other
电子发票,general
移动pos机,other
移动金融,other
疟疾,other
仿制药一致性评价,general
乙肝治疗,other
基因疗法,other
手足口病,other
OLED设备制造,other
废品回收,other
区块链底层,other
染料,general
氟化工,general
NFC,other
物联网传输层,other
可降解塑料,other
分子诊断,other
砷化镓,other
空铁WIFI,general
芯片制造,other
快递,other
联通混改,other
储能,other
塑化剂,other
指纹技术,other
黄金水道,other
中德合作,other
交通一卡通,other
换芯,other
核高基,other
固态电池,other
永磁高铁,other
金属锰,other
电子政务,other
炭黑,other
水域改革,other
锂电设备,other
手势识别,other
无线耳机,general
互联网家装,other
化妆护肤品,other
气凝胶,other
电解液,other
成泉资本持股,other
网络直播,general
体育用品,other
消防装备,other
手机游戏,general
徐翔概念股,other
芯片材料,other
云通信,other
电解锰,other
透明工厂,general
硅晶圆,other
人造太阳,other
微信小程序,general
移动射频,other
雷达,other
国家大基金持股,other
遥感技术,other
金属锑,other
上海自贸区,general
黑磷,other
云游戏,general
IP概念,other
虹膜识别,other
机器视觉,other
电子烟,other
无人银行,other
中科院系,other
新疆自贸区,other
中铁系,other
排水,other
油气开采,other
反恐,other
维稳,other
农村金融,other
藏药,other
特朗普访华,other
潜水运动,other
人机交互,other
纳米,other
环保包装,other
基站天线,other
互联网法院,other
商汤科技概念,other
虚拟机器人,other
语音技术,general
骨传导,other
富勒烯,other
舟山自贸区,other
SNS概念,other
芬太尼,general
潮汐发电,other
中国电科系,other
魔兽概念,other
石墨烯手机,other
儿童消费品,other
云印刷,other
地理信息,other
油气管网,other
中远系,other
游艇,other
农信社改革,other
光刻胶,general
民用无人机,other
铁路混改,other
台风影响股,other
电梯物联网,other
芯片设备,other
人民币防伪,other
心脏支架,other
科技保险,other
高性能膜,other
宝马概念,other
氢氟酸,general
体感交互,other
流量银行,other
流媒体,other
锗涨价,other
碳交易,other
BIT概念,other
阿糖胞苷,other
明星参股概念,other
移动天线,other
专网通信,other
中以自贸区,other
铝电解电容,other
油气运输仓储,other
煤矿安全,other
休闲零食,other
VR游戏,other
上海国资改革,general
全屋定制,other
无感支付,other
医疗机器人,other
超材料概念,other
再生金属,other
面粉,other
环氧树脂,other
数字阅读,other
高送转,general
陶瓷产品,other
新股与次新股,general
非科创次新股,general
高送转预期,general
高考,other
焦虑症,other
K12教育,other
创业板重组松绑,general
智能金融,other
能源纸,other
王亚伟持股,other
移动入口,other
致密气,other
指纹支付,other
诺贝尔,other
活性炭,other
MCU,other
共享医院,other
医学影像,other
靶材,other
OLED芯片,other
制冷剂,other
有声读物,other
中船系,general
外汇局持股,other
史玉柱概念,other
5G运营商,other
纳米纸,other
避孕套,other
中俄自贸区,other
博彩,other
全运会,other
新兴板概念,other
硫酸铵,other
白酒,general
MDI,other
乙烯,other
驾驶培训,other
诚通系,other
共享办公,other
正丁醇,other
参股安世半导体,other
PA66,other
柴油发电,other
智能纤维,other
沪伦通概念,general
网络媒体,other
厕所革命,other
医疗器械,general
