股票代码,公司名称,持有数量,占流通股比例,股份类型,十大流通股东排名,日期
000007,北京电子城有限责任公司,361.50万,1.17%,流通A股,7,2019-09-30
000012,中国银河国际证券(香港)有限公司,4154.44万,1.35%,流通B股,6,2019-09-30
000017,国信证券(香港)经纪有限公司,1390.94万,2.52%,流通B股,3,2019-09-30
000019,渤海证券股份有限公司,113.48万,0.24%,流通A股,8,2019-09-30
000020,长江证券经纪(香港)有限公司,535.52万,1.89%,流通B股,4,2019-09-30
000037,深圳广聚实业有限公司,7366.68万,12.22%,流通A股,2,2019-09-30
000065,中车长春轨道客车股份有限公司,353.87万,0.56%,流通A股,6,2019-09-30
000065,中车株洲电力机车有限公司,180.39万,0.29%,流通A股,8,2019-09-30
000090,深圳市国信弘盛股权投资基金(有限合伙),1504.39万,0.81%,流通A股,9,2019-09-30
000156,东方星空创业投资有限公司,4613.47万,3.60%,流通A股,3,2019-10-18
000401,冀东发展集团有限责任公司,4.04亿,30.01%,流通A股,1,2019-09-30
000420,上海方大投资管理有限责任公司,3.20亿,17.30%,流通A股,1,2019-09-30
000426,甘肃西北矿业集团有限公司,1.46亿,11.23%,流通A股,2,2019-09-30
000429,西藏赢悦投资管理有限公司,1.01亿,6.13%,流通A股,4,2019-09-30
000430,国机资本控股有限公司,1193.02万,3.60%,流通A股,5,2019-09-30
000513,深圳市海滨制药有限公司,1683.08万,1.84%,流通A股,4,2019-09-30
000520,人保投资控股有限公司,484.27万,0.48%,流通A股,9,2019-09-30
000521,长虹(香港)贸易有限公司,2707.78万,2.81%,流通B股,3,2019-09-30
000531,广州发展电力企业有限公司,1.26亿,18.35%,流通A股,2,2019-09-30
000531,广州港能源发展有限公司,1129.62万,1.65%,流通A股,5,2019-09-30
000532,力合科创集团有限公司,3157.13万,9.19%,流通A股,4,2019-09-30
000539,深圳广发电力投资有限公司,1.17亿,3.48%,流通A股,3,2019-09-30
000544,河南资产管理有限公司,4824.68万,4.95%,流通A股,2,2019-09-30
000552,白银有色(北京)国际投资有限公司,3814.00万,1.67%,流通A股,7,2019-09-30
000559,中国汽车工业投资开发有限公司,5545.38万,2.01%,流通A股,3,2019-09-30
000563,人保投资控股有限公司,2767.70万,0.70%,流通A股,5,2019-09-30
000582,中国华电集团财务有限公司,2059.78万,7.83%,流通A股,2,2019-09-30
000591,谦德咏仁新能源投资(苏州)有限公司,4537.05万,2.23%,流通A股,8,2019-09-30
000598,三峡资本控股有限责任公司,9612.49万,3.22%,流通A股,2,2019-09-30
000603,赤峰红烨投资有限公司,2129.88万,3.63%,流通A股,4,2019-09-30
000612,联储证券有限责任公司,3504.58万,2.95%,流通A股,6,2019-09-30
000613,海南雅安居物业服务有限公司,820.58万,2.32%,流通A股,4,2019-09-30
000630,浙江上峰建材有限公司,2159.60万,0.23%,流通A股,8,2019-09-30
000635,国电英力特能源化工集团股份有限公司,1.55亿,51.25%,流通A股,1,2019-09-30
000738,中国航发南方工业有限公司,1.99亿,17.39%,流通A股,2,2019-09-30
000759,重庆永辉超市有限公司,1.02亿,15.03%,流通A股,2,2019-09-30
000759,永辉物流有限公司,6701.65万,9.85%,流通A股,4,2019-09-30
000768,中航投资控股有限公司,1.60亿,5.78%,流通A股,3,2019-09-30
000783,三峡资本控股有限责任公司,3.33亿,6.02%,流通A股,3,2019-09-30
000789,浙江上峰建材有限公司,847.23万,1.06%,流通A股,4,2019-09-30
000829,北京国际信托有限公司,8630.00万,9.28%,流通A股,3,2019-09-30
000850,天津泰达股权投资基金管理有限公司,1630.00万,1.73%,流通A股,2,2019-09-30
000851,大唐高新创业投资有限公司,405.28万,0.47%,流通A股,8,2019-09-30
000856,冀东发展集团有限责任公司,6810.00万,30.00%,流通A股,1,2019-09-30
000862,中铝宁夏能源集团有限公司,7932.38万,15.82%,流通A股,1,2019-09-30
000883,长电资本控股有限责任公司,2.12亿,3.26%,流通A股,5,2019-09-30
000885,长江日昇投资有限公司,200.00万,0.40%,流通A股,7,2019-09-30
000889,深圳茂业百货有限公司,1243.61万,2.00%,流通A股,6,2019-09-30
000901,国机资本控股有限公司,979.05万,1.73%,流通A股,4,2019-09-30
000910,江苏费马投资管理有限公司,648.51万,1.20%,流通A股,8,2019-09-30
000927,一汽财务有限公司,296.04万,0.19%,流通A股,5,2019-12-05
000938,同方计算机有限公司,5566.07万,2.72%,流通A股,6,2019-09-30
000938,北京国研天成投资管理有限公司,5010.36万,2.45%,流通A股,7,2019-09-30
000983,上海宝钢国际经济贸易有限公司,4264.83万,1.35%,流通A股,5,2019-09-30
002011,浙江盾安精工集团有限公司,2.70亿,29.59%,流通A股,1,2019-09-30
002011,国机财务有限责任公司,1654.11万,1.81%,流通A股,4,2019-09-30
002011,中广核财务有限责任公司,655.08万,0.72%,流通A股,8,2019-09-30
002013,中航航空产业投资有限公司,1.17亿,3.23%,流通A股,3,2019-09-30
002014,北京奥瑞金包装容器有限公司,845.26万,1.69%,流通A股,6,2019-09-30
002033,丽江玉龙雪山旅游开发有限责任公司,8643.84万,15.73%,流通A股,1,2019-09-30
002034,三峡资本控股有限责任公司,1087.10万,4.20%,流通A股,3,2019-09-30
002039,长电资本控股有限责任公司,1516.98万,4.97%,流通A股,3,2019-09-30
002039,宁波宁电投资发展有限公司,472.16万,1.55%,流通A股,7,2019-09-30
002061,五矿资本控股有限公司,729.05万,0.97%,流通A股,7,2019-09-30
002069,江苏汇鸿国际集团中鼎控股股份有限公司,216.00万,0.31%,流通A股,10,2019-09-30
002106,深圳市市政工程总公司,5196.54万,7.38%,流通A股,2,2019-09-30
002119,宁波普利赛思电子有限公司,7400.92万,20.14%,流通A股,1,2019-09-30
002140,化学工业第三设计院有限公司,3.17亿,60.13%,流通A股,1,2019-09-30
002159,中铁第四勘察设计院集团有限公司,119.34万,0.86%,流通A股,10,2019-09-30
002174,国盛证券有限责任公司,3286.97万,5.10%,流通A股,4,2019-09-30
002190,成都凯天电子股份有限公司,329.01万,0.95%,流通A股,2,2019-09-30
002248,山东省高新技术创业投资有限公司,1509.07万,5.15%,流通A股,2,2019-09-30
002249,宁波韵升投资有限公司,2480.00万,1.52%,流通A股,10,2019-09-30
002253,国机财务有限责任公司,131.30万,0.63%,流通A股,10,2019-09-30
002302,中建新疆建工(集团)有限公司,3.73亿,30.14%,流通A股,1,2019-09-30
002302,中国建筑第三工程局有限公司,1.55亿,12.52%,流通A股,3,2019-09-30
002302,中国建筑第五工程局有限公司,3890.61万,3.14%,流通A股,4,2019-09-30
002302,中国建筑第四工程局有限公司,2131.53万,1.72%,流通A股,5,2019-09-30
002305,中国电建地产集团有限公司,3.89亿,22.46%,流通A股,1,2019-09-30
002354,北京光线影业有限公司,906.00万,1.29%,流通A股,9,2019-09-30
002358,河南资产管理有限公司,4155.13万,4.56%,流通A股,5,2019-09-30
002363,五矿国际信托有限公司,301.68万,0.73%,流通A股,6,2019-09-30
002371,北京芯动能投资基金(有限合伙),354.32万,0.77%,流通A股,8,2019-09-30
002376,山东省高新技术创业投资有限公司,1321.84万,2.05%,流通A股,6,2019-09-30
002379,渤海证券股份有限公司,325.48万,0.35%,流通A股,6,2019-09-30
002386,江海证券有限公司,955.96万,1.22%,流通A股,9,2019-09-30
002402,力合科创集团有限公司,1300.30万,1.81%,流通A股,6,2019-09-30
002411,深圳市创新投资集团有限公司,1012.85万,0.71%,流通A股,9,2019-09-30
002412,上海复星医药产业发展有限公司,2426.38万,4.96%,流通A股,2,2019-09-30
002437,国盛证券有限责任公司,4952.73万,2.28%,流通A股,3,2019-09-30
002470,雅戈尔投资有限公司,1.11亿,4.10%,流通A股,3,2019-09-30
002481,共青城银汐投资管理合伙企业(有限合伙),702.49万,0.63%,流通A股,4,2019-09-30
002483,国海创新资本投资管理有限公司,1607.46万,2.39%,流通A股,3,2019-09-30
002483,同方金融控股(深圳)有限公司,432.72万,0.64%,流通A股,6,2019-09-30
002492,深圳市华信创业投资有限公司,528.24万,1.33%,流通A股,5,2019-09-30
002515,南京高科新创投资有限公司,2910.00万,3.54%,流通A股,5,2019-09-30
002517,海通开元投资有限公司,4000.00万,2.70%,流通A股,7,2019-09-30
002544,深圳市中科招商创业投资有限公司,2900.00万,5.66%,流通A股,2,2019-09-30
002643,山东鲁银科技投资有限公司,3536.00万,3.89%,流通A股,5,2019-09-30
002646,青海华实科技投资管理有限公司,2.81亿,62.45%,流通A股,1,2019-09-30
002657,国盛证券有限责任公司,670.00万,2.37%,流通A股,3,2019-09-30
002659,华轩(上海)股权投资基金有限公司,1682.43万,3.37%,流通A股,2,2019-09-30
002659,国盛证券有限责任公司,997.10万,2.00%,流通A股,6,2019-09-30
002665,国盛证券有限责任公司,3165.49万,1.40%,流通A股,9,2019-12-09
002669,国泰君安创新投资有限公司,279.96万,1.19%,流通A股,8,2019-09-30
002672,江苏汇鸿创业投资有限公司,2599.50万,3.02%,流通A股,6,2019-09-30
002673,中铁宝桥集团有限公司,2462.32万,0.70%,流通A股,8,2019-09-30
002686,浙江省浙商资产管理有限公司,7946.14万,23.32%,流通A股,1,2019-09-30
002719,恒泰证券股份有限公司,169.38万,1.05%,流通A股,6,2019-09-30
002753,深圳市东方富海投资管理股份有限公司,4049.99万,20.21%,流通A股,1,2019-09-30
002800,海通开元投资有限公司,100.00万,1.40%,流通A股,3,2019-09-30
002820,国盛证券有限责任公司,444.06万,3.28%,流通A股,6,2019-09-30
002827,湖南金能科技股份有限公司,667.36万,7.05%,流通A股,2,2019-09-30
002827,雅化集团绵阳实业有限公司,499.08万,5.27%,流通A股,3,2019-09-30
002840,温氏(深圳)股权投资管理有限公司,896.23万,6.11%,流通A股,2,2019-09-30
002853,广发信德投资管理有限公司,606.40万,12.16%,流通A股,1,2019-09-30
002865,海马汽车有限公司,118.33万,3.11%,流通A股,1,2019-09-30
002887,深圳市国信弘盛股权投资基金(有限合伙),1118.44万,16.76%,流通A股,1,2019-09-30
002910,海通国际证券有限公司,221.70万,2.03%,流通H股,5,2019-09-30
002910,招商证券(香港)有限公司,181.90万,1.67%,流通H股,7,2019-09-30
002917,北京航天科工军民融合科技成果转化创业投资基金(有限合伙),639.82万,11.81%,流通A股,1,2019-09-30
002921,山东省高新技术创业投资有限公司,468.29万,9.70%,流通A股,1,2019-09-30
002928,广东温氏投资有限公司,1709.78万,8.37%,流通A股,2,2019-09-30
002935,成都亚商新兴创业投资有限公司,365.09万,4.50%,流通A股,3,2019-09-30
300021,上海隆邈实业发展合伙企业(有限合伙),746.23万,1.15%,流通A股,6,2019-09-30
300080,中国平煤神马能源化工集团有限责任公司,1.01亿,20.05%,流通A股,1,2019-10-25
300084,中国华电集团财务有限公司,1852.77万,5.62%,流通A股,2,2019-09-30
300097,湖州摩山资产管理有限公司,326.89万,1.62%,流通A股,8,2019-09-30
300105,国电科技环保集团股份有限公司,1.19亿,23.25%,流通A股,1,2019-09-30
300114,中航航空产业投资有限公司,1207.66万,2.04%,流通A股,4,2019-09-30
300140,中交西安筑路机械有限公司,2000.00万,8.10%,流通A股,2,2019-09-30
300185,山东省高新技术创业投资有限公司,1.85亿,6.81%,流通A股,1,2019-09-30
300193,五矿证券有限公司,852.10万,1.86%,流通A股,5,2019-09-30
300210,上海方大投资管理有限责任公司,888.01万,2.22%,流通A股,3,2019-09-30
300244,上海复星平耀投资管理有限公司,501.31万,1.31%,流通A股,7,2019-09-30
300274,安徽安元投资基金有限公司,1435.12万,1.34%,流通A股,8,2019-09-30
300276,湖北高投产控投资股份有限公司,1058.20万,2.91%,流通A股,7,2019-09-30
300281,海南海药投资有限公司,1759.66万,5.90%,流通A股,3,2019-09-30
300281,四川四凯计算机软件有限公司,316.00万,1.06%,流通A股,7,2019-09-30
300300,国盛证券有限责任公司,1320.64万,1.97%,流通A股,5,2019-11-25
300319,上海隆华汇股权投资基金合伙企业(有限合伙),2538.16万,3.98%,流通A股,2,2019-09-30
300332,湖北省国有资本运营有限公司,1900.69万,2.67%,流通A股,3,2019-09-30
300334,盛达矿业股份有限公司,173.64万,0.59%,流通A股,7,2019-09-30
300362,光大资本投资有限公司,2217.63万,7.03%,流通A股,4,2019-09-30
300364,诸暨华越投资有限公司,1321.63万,2.46%,流通A股,3,2019-09-30
300388,三峡资本控股有限责任公司,2635.91万,4.80%,流通A股,3,2019-09-30
300388,中广核财务有限责任公司,596.84万,1.09%,流通A股,6,2019-09-30
300421,上海鸿立股权投资有限公司,199.40万,1.09%,流通A股,7,2019-09-30
300425,广东宝新资产管理有限公司,1620.25万,2.57%,流通A股,3,2019-09-30
300427,长江成长资本投资有限公司,256.87万,1.04%,流通A股,7,2019-09-30
300434,上海复星医药产业发展有限公司,550.72万,2.44%,流通A股,5,2019-09-30
300452,上海复星医药产业发展有限公司,1749.89万,15.93%,流通A股,1,2019-09-30
300458,北京芯动能投资基金(有限合伙),526.38万,2.47%,流通A股,7,2019-09-30
300481,北京芯动能投资基金(有限合伙),597.31万,2.33%,流通A股,2,2019-09-30
300489,深圳市创新投资集团有限公司,60.07万,0.84%,流通A股,8,2019-09-30
300491,宏源汇富创业投资有限公司,270.43万,2.29%,流通A股,6,2019-09-30
300497,华创证券有限责任公司,1481.60万,7.73%,流通A股,2,2019-09-30
300579,上海市数字证书认证中心有限公司,192.34万,2.91%,流通A股,1,2019-09-30
300582,浙江华睿泰信创业投资有限公司,1300.00万,11.30%,流通A股,1,2019-09-30
300582,浙江华睿海越光电产业创业投资有限公司,308.00万,2.68%,流通A股,5,2019-09-30
300592,深圳市创新投资集团有限公司,939.88万,10.84%,流通A股,1,2019-09-30
300611,长江成长资本投资有限公司,1129.42万,15.39%,流通A股,1,2019-09-30
300624,浙江华睿盛银创业投资有限公司,749.14万,15.16%,流通A股,1,2019-09-30
300627,广发信德投资管理有限公司,385.53万,3.74%,流通A股,3,2019-09-30
300641,深圳市创新投资集团有限公司,2458.22万,11.00%,流通A股,2,2019-09-30
300654,宁波兴富先锋投资合伙企业(有限合伙),214.97万,3.28%,流通A股,3,2019-09-30
300657,国泰君安创新投资有限公司,706.72万,6.33%,流通A股,4,2019-09-30
300663,杭州兆富投资合伙企业(有限合伙),906.67万,4.91%,流通A股,3,2019-09-30
300675,深圳市创新投资集团有限公司,142.84万,1.77%,流通A股,4,2019-09-30
300677,深圳市创新投资集团有限公司,1625.28万,14.41%,流通A股,1,2019-09-30
300684,深圳市创新投资集团有限公司,1384.44万,14.11%,流通A股,1,2019-09-30
300688,北京用友创新投资中心(有限合伙),92.26万,1.80%,流通A股,4,2019-09-30
300690,江苏省高科技产业投资股份有限公司,554.00万,10.61%,流通A股,1,2019-09-30
300697,渤海证券股份有限公司,29.58万,0.57%,流通A股,6,2019-09-30
300716,深圳市创新投资集团有限公司,287.75万,3.04%,流通A股,5,2019-09-30
300731,苏州天利投资有限公司,2278.91万,27.72%,流通A股,1,2019-10-09
300731,五矿证券有限公司,350.71万,4.27%,流通A股,4,2019-10-09
300738,深圳索菲亚投资管理有限公司,336.44万,5.58%,流通A股,1,2019-09-30
300740,深圳市创新投资集团有限公司,1443.90万,6.46%,流通A股,3,2019-09-30
300742,伊犁苏新投资基金合伙企业(有限合伙),463.36万,10.79%,流通A股,1,2019-09-30
300742,上海汉王歌石股权投资基金合伙企业(有限合伙),294.96万,6.87%,流通A股,2,2019-09-30
300747,武汉华工激光工程有限责任公司,271.08万,2.75%,流通A股,5,2019-09-30
300748,金风投资控股有限公司,6000.00万,23.58%,流通A股,1,2019-09-30
300748,上海尚颀德连投资中心(有限合伙),1182.83万,4.65%,流通A股,5,2019-09-30
300755,共青城银汐投资管理合伙企业(有限合伙),100.44万,1.74%,流通A股,4,2019-09-30
600015,中国人民财产保险股份有限公司,25.63亿,19.99%,流通A股,2,2019-09-30
600016,新希望六和投资有限公司,18.28亿,4.18%,流通A股,5,2019-09-30
600039,安徽省中安金融资产管理股份有限公司,5115.09万,1.48%,流通A股,3,2019-09-30
600061,中铁二十二局集团有限公司,6116.78万,1.47%,流通A股,7,2019-09-30
600070,浙江瓯联创业投资有限公司,409.73万,0.93%,流通A股,9,2019-09-30
600098,长电资本控股有限责任公司,5400.00万,1.98%,流通A股,3,2019-09-30
600116,三峡资本控股有限责任公司,4053.08万,4.08%,流通A股,4,2019-09-30
600116,长电资本控股有限责任公司,3891.42万,3.92%,流通A股,5,2019-09-30
600117,西宁特殊钢集团有限责任公司,3.70亿,49.87%,流通A股,1,2019-09-30
600168,三峡资本控股有限责任公司,3476.84万,4.90%,流通A股,3,2019-09-30
600173,浙江卧龙置业投资有限公司,3.14亿,44.88%,流通A股,1,2019-09-30
600184,安信证券股份有限公司,1017.52万,2.00%,流通A股,10,2019-09-30
600185,杭州滨创股权投资有限公司,3126.84万,1.52%,流通A股,8,2019-09-30
600206,中国稀有稀土股份有限公司,2000.00万,2.38%,流通A股,2,2019-09-30
600223,上海方大投资管理有限责任公司,4929.69万,4.92%,流通A股,2,2019-09-30
600226,国盛证券有限责任公司,6055.73万,3.04%,流通A股,5,2019-09-30
600260,江海证券有限公司,2712.90万,2.87%,流通A股,2,2019-09-30
600267,渤海证券股份有限公司,468.44万,0.49%,流通A股,10,2019-09-30
600276,中国医药投资有限公司,1.85亿,4.20%,流通A股,5,2019-09-30
600290,中广核财务有限责任公司,701.64万,0.92%,流通A股,10,2019-09-30
600315,上海家化(集团)有限公司,3.17亿,47.25%,流通A股,1,2019-09-30
600331,四川川商发展控股集团有限公司,1002.00万,0.49%,流通A股,7,2019-09-30
600335,广发乾和投资有限公司,541.74万,0.53%,流通A股,9,2019-09-30
600351,新余市合盛锦禾投资管理中心(有限合伙),817.56万,1.06%,流通A股,7,2019-09-30
600379,中冀投资股份有限公司,499.88万,1.51%,流通A股,6,2019-09-30
600399,东北特殊钢集团股份有限公司,5.77亿,29.25%,流通A股,1,2019-09-30
600444,熊猫财务顾问管理有限公司,227.38万,1.55%,流通A股,6,2019-09-30
600458,中车株洲电力机车研究所有限公司,2.92亿,36.43%,流通A股,1,2019-09-30
600458,中车株洲电力机车有限公司,1233.88万,1.54%,流通A股,4,2019-09-30
600458,中车资阳机车有限公司,717.97万,0.89%,流通A股,6,2019-09-30
600458,中车大连机车车辆有限公司,557.45万,0.69%,流通A股,8,2019-09-30
600461,三峡资本控股有限责任公司,3869.00万,4.90%,流通A股,5,2019-09-30
600483,三峡资本控股有限责任公司,1.15亿,7.40%,流通A股,2,2019-09-30
600483,上海汽车集团股权投资有限公司,2173.91万,1.40%,流通A股,7,2019-09-30
600486,江苏扬农化工集团有限公司,1.12亿,36.17%,流通A股,1,2019-09-30
600488,天津药业集团有限公司,4.50亿,46.05%,流通A股,1,2019-09-30
600488,天津宜药印务有限公司,381.28万,0.39%,流通A股,5,2019-09-30
600508,上海宝钢国际经济贸易有限公司,557.27万,0.77%,流通A股,2,2019-09-30
600517,安泰创业投资(深圳)有限公司,364.00万,0.27%,流通A股,10,2019-09-30
600528,中铁二局建设有限公司,6.35亿,34.55%,流通A股,1,2019-09-30
600535,天士力控股集团有限公司,6.83亿,45.18%,流通A股,1,2019-09-30
600555,上海大新华实业有限公司,1.17亿,8.97%,流通A股,2,2019-09-30
600568,华创证券有限责任公司,1200.00万,0.77%,流通A股,9,2019-09-30
600586,航天科工财务有限责任公司,1960.00万,1.37%,流通A股,4,2019-09-30
600589,渤海证券股份有限公司,283.81万,0.40%,流通A股,8,2019-09-30
600596,中化农化有限公司,387.20万,0.56%,流通A股,10,2019-09-30
600611,大众(香港)国际有限公司,4587.17万,1.94%,流通B股,3,2019-09-30
600640,同方投资有限公司,1265.19万,2.15%,流通A股,5,2019-09-30
600695,东方证券(香港)有限公司,2328.49万,3.27%,流通B股,4,2019-09-30
600714,青海省投资集团有限公司,1.22亿,42.50%,流通A股,1,2019-09-30
600733,合肥国轩高科动力能源有限公司,6073.21万,3.60%,流通A股,7,2019-09-30
600742,长春一汽富晟集团有限公司,2618.81万,5.16%,流通A股,3,2019-09-30
600744,中国大唐集团财务有限公司,390.79万,0.47%,流通A股,7,2019-09-30
600764,鹏起万里产融(嘉兴)投资合伙企业(有限合伙),3197.30万,9.73%,流通A股,2,2019-09-30
600774,中国五环工程有限公司,152.18万,0.67%,流通A股,7,2019-09-30
600810,中国平煤神马能源化工集团有限责任公司,2.83亿,49.28%,流通A股,1,2019-09-30
600824,上海工艺美术有限公司,660.00万,0.63%,流通A股,2,2019-09-30
600827,上海友谊复星(控股)有限公司,9892.12万,5.54%,流通A股,2,2019-09-30
600829,海南海药投资有限公司,2542.83万,4.39%,流通A股,2,2019-09-30
600829,江海证券有限公司,640.00万,1.10%,流通A股,3,2019-09-30
600843,国盛证券有限责任公司,461.70万,0.84%,流通A股,8,2019-09-30
600855,中国汽车工业投资开发有限公司,267.59万,0.78%,流通A股,9,2019-09-30
600858,深圳茂业百货有限公司,2242.60万,4.33%,流通A股,4,2019-09-30
600879,国机资本控股有限公司,3342.18万,1.38%,流通A股,6,2019-09-30
600885,联发集团有限公司,9417.46万,12.64%,流通A股,3,2019-09-30
600919,江苏省国际信托有限责任公司,9.28亿,8.14%,流通A股,1,2019-09-30
600926,中国太平洋人寿保险股份有限公司,2.35亿,11.30%,流通A股,1,2019-09-30
600959,中信国安通信有限公司,4.90亿,12.62%,流通A股,2,2019-09-30
600963,上海方大投资管理有限责任公司,546.10万,0.52%,流通A股,5,2019-09-30
600973,中航新兴产业投资有限公司,5400.00万,4.42%,流通A股,4,2019-09-30
600979,长电资本控股有限责任公司,3905.75万,4.12%,流通A股,6,2019-09-30
600985,国元股权投资有限公司,1650.90万,2.99%,流通A股,5,2019-09-30
600985,银河创新资本管理有限公司,1100.60万,1.99%,流通A股,9,2019-09-30
600990,中国电子科技集团公司第三十八研究所,5445.20万,39.83%,流通A股,1,2019-09-30
600993,华一发展有限公司,375.49万,0.87%,流通A股,10,2019-09-30
600997,上海宝钢国际经济贸易有限公司,466.00万,0.38%,流通A股,7,2019-09-30
601001,上海宝钢国际经济贸易有限公司,360.00万,0.22%,流通A股,10,2019-09-30
601005,中钢设备有限公司,2.52亿,2.83%,流通A股,6,2019-09-30
601005,重庆银行股份有限公司,2.26亿,2.53%,流通A股,7,2019-09-30
601111,国泰航空有限公司,26.34亿,18.80%,流通H股,2,2019-09-30
601158,重庆德润环境有限公司,24.02亿,50.04%,流通A股,1,2019-09-30
601169,三峡资本控股有限责任公司,4.52亿,2.48%,流通A股,7,2019-09-30
601188,穗甬控股有限公司,1480.00万,1.12%,流通A股,4,2019-09-30
601225,三峡资本控股有限责任公司,2.86亿,2.86%,流通A股,3,2019-09-30
601375,中国平煤神马能源化工集团有限责任公司,7504.62万,2.50%,流通A股,4,2019-09-30
601577,北京荣丰房地产开发有限公司,4922.41万,4.95%,流通A股,5,2019-09-30
601666,中国平煤神马能源化工集团有限责任公司,12.81亿,54.27%,流通A股,1,2019-09-30
601699,上海宝钢国际经济贸易有限公司,1523.64万,0.51%,流通A股,8,2019-09-30
601717,河南资产管理有限公司,3481.49万,2.02%,流通A股,4,2019-09-30
601727,上海诚鼎新扬子投资合伙企业(有限合伙),2773.93万,0.21%,流通A股,9,2019-09-30
601798,中国能源工程集团有限公司,1.45亿,41.00%,流通A股,1,2019-09-30
601798,中国工程与农业机械进出口有限公司,532.80万,1.50%,流通A股,4,2019-09-30
601801,安徽安元投资基金有限公司,1861.25万,0.94%,流通A股,5,2019-09-30
601818,上海中远海运企业发展有限公司,7.24亿,1.55%,流通A股,9,2019-09-30
601838,上海东昌投资发展有限公司,1.20亿,6.43%,流通A股,3,2019-09-30
601838,肇东市伊利乳业有限责任公司,3250.00万,1.74%,流通A股,9,2019-09-30
601881,上海农村商业银行股份有限公司,3100.00万,0.63%,流通A股,4,2019-09-30
601908,上海汽车集团股权投资有限公司,4568.54万,2.29%,流通A股,4,2019-09-30
601918,中远海运集团财务有限责任公司,2423.00万,0.94%,流通A股,5,2019-09-30
601990,江苏凤凰置业有限公司,2.07亿,10.06%,流通A股,3,2019-09-30
601991,航天科工财务有限责任公司,5490.13万,0.41%,流通A股,8,2019-09-30
603009,深圳市创新投资集团有限公司,270.81万,0.83%,流通A股,8,2019-09-30
603037,黎明化工研究设计院有限责任公司,1024.74万,16.43%,流通A股,1,2019-09-30
603037,深圳市华益成路投资合伙企业(有限合伙),343.52万,5.51%,流通A股,2,2019-09-30
603117,南昌红土创新资本创业投资有限公司,397.37万,0.63%,流通A股,6,2019-09-30
603168,上海景兴实业投资有限公司,2823.55万,9.50%,流通A股,3,2019-09-30
603189,安徽华茂产业投资有限公司,240.00万,1.09%,流通A股,6,2019-09-30
603197,海通开元投资有限公司,700.00万,7.11%,流通A股,1,2019-09-30
603259,上海金药投资管理有限公司,3391.26万,2.88%,流通A股,9,2019-09-30
603278,深圳市创新投资集团有限公司,1690.91万,14.11%,流通A股,1,2019-09-30
603278,南昌红土创新资本创业投资有限公司,297.67万,2.48%,流通A股,7,2019-09-30
603289,海通开元投资有限公司,1334.00万,9.83%,流通A股,2,2019-09-30
603315,上海中兵国泰君安投资中心(有限合伙),401.71万,1.83%,流通A股,5,2019-09-30
603329,海通开元投资有限公司,300.00万,4.64%,流通A股,4,2019-09-30
603359,海通开元投资有限公司,560.00万,3.66%,流通A股,4,2019-09-30
603378,辽宁海通新能源低碳产业股权投资基金有限公司,678.20万,9.83%,流通A股,1,2019-09-30
603379,长江证券承销保荐有限公司,19.92万,0.33%,流通A股,8,2019-09-30
603507,上海鸿立股权投资有限公司,1302.48万,16.20%,流通A股,1,2019-09-30
603507,上海鸿立华享投资合伙企业(有限合伙),634.01万,7.89%,流通A股,3,2019-09-30
603519,伊犁苏新投资基金合伙企业(有限合伙),1120.00万,5.05%,流通A股,3,2019-09-30
603538,宁波东方聚金嘉华投资管理中心(有限合伙),110.00万,1.23%,流通A股,10,2019-09-30
603586,黄河三角洲产业投资基金管理有限公司,523.00万,5.54%,流通A股,3,2019-12-05
603619,深圳市创新投资集团有限公司,2745.89万,19.16%,流通A股,1,2019-09-30
603648,上海外高桥保税区联合发展有限公司,3804.07万,13.92%,流通A股,2,2019-09-30
603665,浙江满博投资管理有限公司,556.25万,14.92%,流通A股,1,2019-09-30
603679,东吴创业投资有限公司,513.89万,12.69%,流通A股,1,2019-09-30
603701,深圳市创新投资集团有限公司,158.20万,0.79%,流通A股,7,2019-09-30
603721,国信弘盛创业投资有限公司,136.30万,2.21%,流通A股,5,2019-09-30
603803,海通开元投资有限公司,3210.00万,14.60%,流通A股,1,2019-09-30
603822,浙江瓯联创业投资有限公司,365.00万,4.98%,流通A股,7,2019-09-30
603889,中广核财务有限责任公司,995.23万,1.94%,流通A股,4,2019-09-30
603908,深圳市创新投资集团有限公司,138.79万,6.02%,流通A股,1,2019-09-30
603937,深圳市创新投资集团有限公司,218.94万,2.89%,流通A股,2,2019-09-30
603980,杭州辽通鼎能股权投资合伙企业(有限合伙),3816.58万,11.10%,流通A股,1,2019-09-30
603987,宏源汇富创业投资有限公司,529.23万,2.03%,流通A股,7,2019-09-30
603993,宁波杉杉创业投资有限公司,4.71亿,2.18%,流通A股,7,2019-09-30
688009,申万宏源证券有限公司,265.00万,0.08%,流通A股,6,2019-09-30
688022,安信证券股份有限公司,30.00万,1.23%,流通A股,1,2019-09-30
688168,申万宏源证券有限公司,25.89万,2.23%,流通A股,1,2019-09-30
688168,渤海证券股份有限公司,6.00万,0.52%,流通A股,6,2019-09-30
688199,深圳市创新投资集团有限公司,542.37万,9.06%,三板流通A股,1,2019-06-30
688310,财通创新投资有限公司,270.30万,9.11%,三板流通A股,3,2018-12-31
688321,安信证券股份有限公司,26.95万,0.66%,流通A股,5,2019-09-30
832283,嘉兴时玺海一期股权投资基金合伙企业(有限合伙),136.20万,2.35%,三板流通A股,4,2019-09-30
834316,珠海中兵广发投资基金合伙企业(有限合伙),101.40万,-,三板流通A股,1,2018-06-30
