股票代码,公司名称
000004,李林琳
000005,"丁芃,郑列列"
000006,深圳市人民政府国有资产监督管理委员会
000007,王玩虹、陈卓婷、林昌珍、李强、陆尔东、陈军、刘红
000008,国务院国有资产监督管理委员会
000010,沈玉兴
000011,深圳市国有资产监督管理委员会
000014,深圳市人民政府国有资产监督管理委员会
000016,国务院国有资产监督管理委员会
000019,深圳市人民政府国有资产监督管理委员会
000021,国务院国有资产监督管理委员会
000025,深圳市国有资产监督管理委员会
000026,国务院国有资产监督管理委员会
000027,深圳市人民政府国有资产监督管理委员会
000028,国务院国有资产监督管理委员会
000030,吉林省人民政府国有资产监督管理委员会
000031,国务院国有资产监督管理委员会
000032,国务院国有资产监督管理委员会
000035,严圣军、茅洪菊
000038,姜剑
000042,黄光苗
000043,国务院国有资产监督管理委员会
000045,深圳市人民政府国有资产监督管理委员会
000049,惠州市人民政府国有资产监督管理委员会
000050,国务院国有资产监督管理委员会
000058,深圳市人民政府国有资产监督管理委员会
000059,国务院国有资产管理委员会
000060,广东省人民政府国有资产监督管理委员会
000061,深圳市人民政府国有资产监督管理委员会
000062,梁光伟
000065,国务院国有资产监管管理委员会
000066,国务院国有资产监督管理委员会
000068,山西省国有资本投资运营有限公司
000069,国务院国有资产监督管理委员会
000070,深圳市人民政府国有资产监督管理委员会
000088,深圳市人民政府国有资产监督管理委员会
000089,深圳市国有资产监督管理委员会
000090,深圳市人民政府国有资产监督管理委员会
000096,深圳市南山区国有资产监督管理委员会
000099,中华人民共和国财政部
000150,刘绍喜
000151,国务院资产管理委员会
000153,李荣杰
000155,四川省国有资产监督管理委员会
000156,杭州市财政局
000158,石家庄市国有资产监督管理委员会
000166,中央汇金投资有限责任公司
000301,缪汉根、朱红梅
000333,何享健
000338,山东省国有资产监督管理委员会
000400,国务院国有资产监督管理委员会
000401,北京市人民政府国有资产监督管理委员会
000402,北京市西城区国有资产监督管理委员会
000404,绵阳市国有资产监督管理委员会
000408,肖永明
000409,山东省人民政府
000410,沈阳市国有资产监督管理委员会
000415,海南省慈航公益基金会
000417,合肥市国有资产管理委员会
000419,长沙市国有资产监督管理委员会
000420,吉林省人民政府国有资产监督管理委员会
000421,南京市人民政府国有资产监督管理委员会
000422,宜昌市国有资产监督管理委员会
000423,国务院国有资产监督管理委员会
000425,徐州市人民政府
000428,湖南省人民政府国有资产监督管理委员会
000429,广东省国有资产监督管理委员会
000430,张家界市人民政府国有资产监督管理委员会
000488,寿光市国有资产监督管理办公室
000498,山东省人民政府国有资产监督管理委员会
000501,武汉市国有资产监督管理委员会
000503,国务院国有资产监督管理委员会
000504,湖南省人民政府
000505,北京市国有资产监督管理委员会
000506,郭昌玮
000507,珠海市人民政府国有资产监督管理委员会
000509,李雪峰、张子若
000514,重庆市国有资产监督管理委员会
000519,国务院国有资产监督管理委员会
000520,陈德顺
000521,绵阳市国有资产监督管理委员会
000523,广州市国有资产监督管理委员会
000524,广州市人民政府国有资产监督管理委员会
000526,教育部
000528,广西壮族自治区国有资产管理委员会
000529,广东省人民政府
000531,广州开发区管理委员会
000532,珠海市人民政府国有资产监督管理委员会
000534,林伟光
000536,大同股份有限公司
000537,国务院国有资产监督管理委员会
000539,广东省人民政府国有资产监督管理委员会
000541,广东省人民政府国有资产监督管理委员会
000543,安徽省国有资产监督管理委员会
000544,郑州市人民政府
000546,赵璧生、赵辉
000547,国务院国有资产监督管理委员会
000548,长沙市国有资产监督管理委员会
000550,南昌市国有资产监督管理委员会、国务院国有资产监督管理委员会
000551,苏州市人民政府
000552,甘肃省国有资产监督管理委员会
000553,国务院国有资产监督管理委员会
000554,国务院国有资产监督管理委员会
000557,宁夏回族自治区人民政府
000558,成都市国有资产监督管理委员会
000559,鲁伟鼎
000561,陕西省人民政府国有资产监督管理委员会
000563,陕西省人民政府国有资产监督管理委员会
000564,海南省慈航公益基金会
000565,重庆市国有资产监督管理委员会
000568,泸州市国有资产监督管理委员会
000570,常州市人民政府国有资产监督管理委员会
000571,2万
000576,胡成中
000581,江苏省无锡市国有资产管理委员会
000582,广西自治区国有资产监督管理委员会
000584,艾迪、乔徽
000585,海南省慈航公益基金会
000589,贵阳市人民政府国有资产监督管理委员会
000590,教育部
000591,国务院国有资产监督管理委员会
000595,孙珩超
000596,安徽省亳州市人民政府
000598,成都市国有资产监督管理委员会
000599,青岛市国有资产监督管理委员会
000600,河北省政府国有资产监督管理委员会
000603,赵满堂
000605,天津市水务局
000607,杭州日报报业集团
000616,海南省慈航公益基金会
000617,中国石油天然气集团有限公司
000619,安徽省国有资产监督管理委员会
000623,李秀林及一致行动人
000625,国务院国有资产监督管理委员会
000626,胡凯军
000628,成都高新技术产业开发区管理委员会
000629,鞍钢集团有限公司
000630,安徽省国有资产监督管理委员会
000631,鲁伟鼎
000635,国务院国有资产监督管理委员会
000636,广东省人民政府国有资产监督管理委员会
000650,杨文龙
000651,珠海市国有资产监督管理委员会
000652,天津市国有资产监督管理委员会
000655,山东省人民政府国有资产监督管理委员会
000656,黄红云
000657,中国五矿集团有限公司
000661,长春新区国有资产监督管理委员会
000662,梁国坚、张桂珍
000663,永安市国有资产管理委员会
000665,湖北广播电视台
000666,国务院国有资产监督管理委员会
000668,盛毓南
000669,陈义和
000673,王春芳
000677,胡兴荣
000678,贾志宏
000679,陈志祥
000680,山东省国有资产监督管理委员会
000681,吴春红、廖道训、吴玉瑞、柴继军、梁世平
000682,烟台市人民政府国有资产监督管理委员会
000683,戴连荣
000685,中山市人民政府国有资产监督管理委员会
000690,叶华能
000691,朱全祖
000692,沈阳市国有资产监督管理委员会
000695,天津市文化体制改革和发展工作领导小组办公室
000698,中国国有资产监督管理委员会
000701,厦门市人民政府国有资产监督管理委员会
000702,湖南省岳阳市屈原管理区
000703,邱建林
000705,绍兴市人民政府国有资产监督管理委员会
000707,湖北省宜昌市人民政府国有资产监督管理委员会
000708,中华人民共和国财政部
000709,河北省国有资产监督管理委员会
000711,郭绍增
000712,杨志茂
000713,合肥市国有资产监督管理委员会
000715,方威
000716,"李汉荣,李汉朝,李玉琦为代表的李氏家族7人、韦清文"
000717,国务院国有资产监督管理委员会
000719,河南省人民政府
000720,国务院国有资产监督管理委员会
000722,湖南省人民政府国有资产监督管理委员会
000723,姚俊良、高反娥、姚俊花、姚俊杰、姚俊卿、姚三俊、姚四俊
000725,北京市人民政府国有资产监督管理委员会
000726,刘德铭、刘子斌
000727,国务院国有资产监督管理委员会
000728,安徽省国有资产监督管理委员会
000729,北京市人民政府
000731,国务院国有资产监督管理委员会
000733,国务院国有资产监督管理委员会
000736,国务院国有资产监督管理委员会
000737,山西省人民政府国有资产监督管理委员会
000738,国务院国有资产监督管理委员会
000739,横店社团经济企业联合会
000751,于洪
000753,漳州市人民政府国有资产监督管理委员会
000755,山西省国有资产监督管理委员会
000756,山东省国有资产监督管理委员会
000757,天津市国有资产管理委员会
000759,武汉市国有资产监督管理委员会
000760,张展玉
000761,辽宁省国有资产监督管理委员会
000762,西藏自治区国有资产监督委员会
000767,山西省人民政府国有资产监督管理委员会
000768,国务院国有资产监督管理委员会
000777,国务院国有资产监督管理委员会
000778,国务院国有资产监督管理委员会
000779,甘肃省政府国有资产监督管理委员会
000780,国务院国有资产监督管理委员会
000785,武汉市国有资产监督管理委员会
000786,国务院国有资产监督管理委员会
000788,北京大学
000789,江西省国有资产监督管理委员会
000790,王仁果、张碧华
000791,甘肃省国有资产监督管理委员会
000792,青海省国有资产监督管理委员会
000793,中国国际广播电台
000795,横店社团经济企业联合会
000797,福建省国有资产管理委员会
000798,国务院国有资产监督管理委员会
000799,国务院国有资产监督管理委员会
000800,国务院国有资产监督管理委员会
000801,绵阳市国有资产监督管理委员会
000803,南充市国有资产监督管理委员会、北京市人民政府国有资产监督管理委员会
000806,潘琦
000807,国务院国有资产监督管理委员会
000809,铁岭市财政局
000811,烟台市人民政府国有资产监督管理委员会
000815,国务院国有资产监督管理委员会
000816,罗韶宇
000818,卫洪江
000819,国务院国有资产监督管理委员会
000820,吴道洪
000822,国务院国有资产管理委员会
000823,汕头市国有资产监督管理委员会
000825,山西省国有资产监督管理委员会
000826,教育部
000828,东莞市国有资产监督管理委员会
000829,深圳市人民政府国有资产监督管理委员会
000830,聊城市人民政府国有资产监督管理委员会
000831,国务院国有资产监督管理委员会
000833,广东省国有资产监督管理委员会
000835,赵锐勇、赵非凡
000836,王建沂
000837,陕西省人民政府国有资产监督管理委员会
000838,卢生举
000848,鲁伟鼎
000850,安庆市财政局
000851,国务院国有资产监督管理委员会
000852,国务院国有资产监督管理委员会
000856,北京市人民政府国有资产监督管理委员会
000858,宜宾市政府国有资产监督管理委员会
000859,合肥市人民政府国有资产监督管理委员会
000860,北京市顺义区国有资产监督管理委员会
000861,邵建明、邵建聪、邵建佳
000862,国务院国有资产监督管理委员会
000868,安徽省人民政府国有资产监督管理委员会
000869,烟台裕华投资发展有限公司、意迩瓦萨隆诺控股股份公司、烟台国丰投资控股有限公司、国际金融公司
000875,国务院国有资产监督管理委员会
000877,国务院国有资产监督管理委员会
000878,国务院国有资产监督管理委员会
000880,山东省国有资产监督管理委员会
000881,国务院国有资产监督管理委员会
000882,海南省文化交流促进会
000883,国务院国有资产监督管理委员会
000885,河南省发展和改革委员会
000886,海南省交通运输厅
000888,峨眉山风景名胜区管理委员会
000890,周江、张炜、周津如、邓峰、缪勤、黄翔、林炳兴
000892,陈援、钟君艳
000895,Rise Grand Group Limited
000897,天津市国有资产监督管理委员会
000898,国务院国有资产监督管理委员会
000899,江西省国有资产监督管理委员会
000900,湖南省人民政府国有资产监督管理委员会
000901,国务院国有资产监督管理委员会
000903,昆明市人民政府国有资产监督管理委员会
000905,厦门市国有资产监督管理委员会
000906,浙江省国有资产监督管理委员会
000909,杭州市人民政府
000910,戴品哎、陈建军、陈巧玲、陈晓龙
000911,广西壮族自治区人民政府
000912,泸州市国有资产监督管理委员会
000913,李书福
000915,山东大学
000917,湖南省国有文化资产监督管理委员会
000918,许家印
000919,南京市国有资产监督管理委员会
000920,国务院国有资产监督管理委员会
000921,青岛市人民政府国有资产监督管理委员会
000922,国务院国有资产监督管理委员会
000923,河北省国有资产监督管理委员会
000926,湖北省汉川市钢丝绳厂
000927,国务院国有资产监督管理委员会
000928,国务院国有资产监督管理委员会
000930,国务院国有资产监督管理委员会
000931,黄光裕
000932,湖南省国有资产监督管理委员会
000933,商丘市人民政府国有资产监督管理委员会
000936,江阴市华士镇华西新市村村民委员会
000937,河北省人民政府国有资产监督管理委员会
000938,教育部
000948,云南省人民政府国有资产监督管理委员会
000949,新乡市财政局
000950,重庆市国有资产监督管理委员会
000951,济南市国有资产监督管理委员会
000952,湖北省国有资产监督管理委员会
000957,山东省人民政府国有资产监督管理委员会
000958,国务院国有资产监督管理委员会
000959,北京市国有资产监督管理委员会
000960,云南省国有资产监督管理委员会
000961,陈锦石及一致行动人
000962,国务院国有资产监督管理委员会
000963,胡凯军
000965,天津港保税区国有资产管理局
000966,国务院国有资产监督管理委员会
000968,山西省国有资产监督管理委员会
000969,国务院国有资产监督管理委员会
000970,中国科学院
000972,Veronique Bibi
000973,广东省人民政府
000975,沈国军
000976,江逢坤
000977,山东省人民政府国有资产监督管理委员会
000978,桂林市国有资产监督管理委员会
000980,应建仁、徐美儿
000982,马生国
000983,山西省国有资产监督管理委员会
000985,国务院国有资产监督管理委员会
000987,广州市人民政府国有资产监督管理委员会
000988,教育部
000990,中华人民共和国教育部
000993,宁德市国有资产监督管理委员会
000996,姜荣、刘润红
000998,中华人民共和国财政部
000999,国务院国有资产监督管理委员会
001872,国务院国有资产监督管理委员会
001896,河南省发展和改革委员会
001965,国务院国有资产监督管理委员会
001979,国务院国有资产监督管理委员会
002001,胡柏藩、胡柏剡
002003,章卡鹏、张三云
002006,金良顺
002009,黄伟兴
002010,徐冠巨、徐观宝、徐传化
002012,解直锟
002013,中国航空工业集团有限公司
002014,黄山市供销合作社联合社
002016,梁社增
002017,中国普天信息产业集团有限公司
002021,万钢
002025,国务院国有资产监督管理委员会
002028,董增平、陈邦栋
002029,周永伟、周少明、周少雄
002030,中山大学
002032,SEB S.A.
002034,单建明
002036,韩盛龙、陈伟
002037,国务院国有资产管理委员会
002038,徐明波、河南省新乡市国有资产监督管理委员会
002039,国务院国有资产监督管理委员会
002040,江苏省人民政府国有资产监督管理委员会
002042,"孙伟挺,陈玲芬"
002046,国务院国有资产监督管理委员会
002047,古少明
002049,中华人民共和国教育部
002050,张亚波、张少波、张道才
002051,国务院国有资产监督管理委员会
002052,袁明
002053,云南省国有资产监督管理委员会
002055,邱建民、邱为民
002056,横店社团经济企业联合会
002057,国务院国有资产监督管理委员会
002059,国务院国有资产监管管理委员会
002060,广东省人民政府国有资产监督管理委员会
002061,浙江省人民政府国有资产监督管理委员会
002063,50.43万
002065,薛向东及其家族成员
002066,国务院国有资产监督管理委员会
002068,景德镇市国有资产监督管理委员会
002069,长海县獐子岛投资发展中心
002073,李兆年、杨浩涌
002075,沈文荣
002077,镇江市人民政府国有资产监督管理委员会
002080,国务院国有资产监督管理委员会
002081,朱兴良
002082,赵守明、庄惠
002084,唐台英及其家人、戎启平及其家人
002085,陈爱莲、吴良定家族
002087,新野县财政局
002088,Behdad Eghbali、José E. Feliciano
002089,张亦斌、马玲芝
002090,叶留金、朱华明、徐兵、贺安鹰、丁小异
002091,江苏国泰国际贸易有限公司
002092,新疆维吾尔自治区人民政府国有资产监督管理委员会
002093,陈国鹰、林惠榕、林金全
002096,湖南省人民政府国有资产监督管理委员会
002097,广州市人民政府
002099,王云富
002100,新疆生产建设兵团国有资产经营有限责任公司
002101,广东省人民政府
002102,林福椿、林文智、林文昌、林文洪
002106,国务院国有资产监督管理委员会
002109,陕西省人民政府国有资产监督管理委员会
002110,福建省人民政府国有资产监督管理委员会
002112,浙江省三门县人民政府
002113,赖淦锋
002114,罗平县财政局
002116,国务院国有资产监督管理委员会
002118,郭春生
002120,聂腾云、陈立英
002122,徐茂栋
002125,湘潭市国有资产监督管理委员会
002127,张玉祥、朱雪莲
002128,国务院国有资产监督管理委员会
002129,天津市人民政府国有资产监督管理委员会
002130,周和平
002132,谢保军
002134,天津市人民政府国有资产监督管理委员会
002136,铜陵市国有资产监督管理委员会
002137,陈亚妹、乔昕
002140,中国化学工程集团有限公司
002141,谢松锋、谢海滔
002145,王泽龙
002147,虞云新、周晓光
002149,陕西省财政厅
002152,广州市国有资产监督管理委员会
002154,吴婷婷、吴志泽
002155,湖南省人民政府国有资产监督管理委员会
002159,艾路明
002161,徐玉锁、陈光珠
002163,国务院国有资产监督管理委员会
002164,宋济隆、许丽萍
002168,汪超涌、李亦非
002169,李永喜
002173,陈夏英
002176,朱军、卢顺民
002177,杨文江
002179,中国航空工业集团有限公司
002180,汪东颖、李东飞、曾阳云
002181,广州市国有经营性文化资产监督管理办公室
002183,深圳市人民政府国有资产监督管理委员会
002184,许泓、郭孟榕
002185,肖胜利、肖智成、刘建军、崔卫兵、张玉明、宋勇、张兴安、陈建军、薛延童、杨前进、周永寿、常文瑛、乔少华
002186,北京市国有资产监督管理委员会
002187,广州市人民政府国有资产监督管理委员会
002188,楼永良
002189,国务院国有资产监督管理委员会
002190,中国航空工业集团有限公司
002192,吕向阳、张长虹
002194,王丽丽、孟庆南
002197,曾胜强、许忠桂
002200,云南省国有资产监督管理委员会
002203,冯海良
002204,大连市人民政府国有资产监督管理委员会
002205,国务院国有资产监督管理委员会
002207,解直锟
002208,合肥市国有资产监督管理委员会
002210,黄壮勉
002212,郑钟南
002215,卢柏强、卢翠冬、卢丽红、卢翠珠、卢叙安
002216,贾岭达、陈南、陈希、陈泽民
002217,福建省人民政府国有资产监督管理委员会
002218,李粉莉、陈琛、陈五奎
002221,周一峰、王铭祥
002222,中国科学院福建物质结构研究所
002224,吴培生、吴琼瑛
002225,刘百宽家族
002228,许晓光、许晓荣、吕秀英、许天津
002229,尤丽娟、尤友岳、尤友鸾、尤玉仙、章棉桃
002230,刘庆峰、中科大资产经营有限责任公司
002231,单川、吴琼
002232,国务院国有资产监督管理委员会
002235,林旭曦、张杰
002236,傅利泉、陈爱玲
002237,江西省国有资产监督管理委员会
002238,深圳广播电影电视集团
002240,姚雄杰
002241,姜滨、胡双美
002243,深圳市国有资产监督管理委员会
002246,中国兵器工业集团有限公司
002249,鲁楚平、彭惠
002250,牟金香
002252,黄凯、郑跃文
002256,陈永弟、沈少玲
002258,中国工程物理研究院
002262,孙彭生、陈增良、付卿、杨自亮
002263,诸暨市国有资产监督管理委员会
002265,国务院国有资产监督管理委员会
002267,陕西省国有资产监督管理委员会
002268,中国电子科技集团有限公司
002269,周成建
002270,肖申、肖毅、肖日明
002272,罗丽华、钟利钢
002273,叶仙玉
002275,邹节明家族
002276,张德生
002279,赵福君、董泰湘
002281,国务院国有资产监督管理委员会
002282,陈怀荣、吕桂芹、程辉、任京建、张淑玉
002284,黄来兴、黄伟中、黄伟潮
002286,戴斯觉
002288,梁健锋、梁俊丰
002289,解直锟
002291,张泽民、梁怀宇
002294,叶澄海、廖清清、陈志明、叶宇翔、叶宇筠
002295,黄裕辉、周炳高、施晖、王卫冲、卫波、徐挺、张福斌、袁备
002297,湖南省人民政府国有资产监督管理委员会
002299,傅芬芳、傅光明、傅长玉
002300,刘秀萍、李文亮、李云孝
002302,国务院国有资产监督管理委员会
002304,宿迁市国有资产监督管理委员会
002305,国务院国有资产监督管理委员会
002307,新疆生产建设兵团建工师国资委
002308,何正宇、何小远、何泳渝
002310,北京市朝阳区人民政府国有资产监督管理委员会
002312,补建
002314,中国南山开发(集团)股份有限公司
002320,国务院国有资产监督管理委员会
002321,潢川县财政局
002322,周方洁、余艇、刘笑梅
002326,王莺妹、何人宝
002327,林国芳、陈国红
002330,郑和平
002332,仙居县国有资产监督管理委员会
002336,西安曲江新区管理委员会
002338,中国科学院长春光学精密机械与物理研究所
002339,杨志强、王良、严中华、冯东、王浩、张志伟、耿生民、孙合友
002340,许开华、王敏
002342,杨建忠、杨建国、杨会德、杨子
002343,江西省人民政府
002344,海宁市人民政府
002346,陆仁军、蒋陆峰
002348,杨旭恩、杨广城、杨镇欣、杨镇凯、杨楚丽、杨康华
002349,南通市国有资产监督管理委员会
002353,孙伟杰、王坤晓、刘贞峰
002358,楚金甫
002359,赵晶、赵培林
002362,刘迎建、徐冬青
002363,张乔敏、张海燕
002368,国务院国有资产监督管理委员会
002369,夏传武
002371,北京电子控股有限责任公司
002372,章卡鹏、张三云
002375,丁欣欣、张杏娟
002376,威海市人民政府国有资产监督管理委员会
002379,张士平
002380,刘国耀、胡歙眉、刘建耀、胡梓章
002383,郑州航空港经济综合实验区管理委员会
002384,袁永峰、袁永刚、袁富根
002386,宜宾市政府国有资产监督管理委员会
002388,许伟明、徐琦
002389,国务院国有资产监督管理委员会
002390,朱吉满、白莉惠
002393,天津市国有资产监督管理委员会
002394,"孔祥军,崔恒富,陈警娇,黄长根"
002395,唐炳泉
002396,福建省人民政府国有资产监督管理委员会
002399,李锂、李坦
002400,广东省国有资产监督管理委员会
002401,国务院国有资产监督管理委员会
002403,陈合林、陈文君、陈灵巧、林菊香
002409,沈琦、沈馥、沈锡强、骆颖、窦靖芳
002411,李宗松
002415,国务院国有资产监督管理委员会
002418,陈汉康
002419,国务院国有资产监督管理委员会
002423,国务院国有资产监督管理委员会
002425,陈玉琴、郑合明
002428,包文东、吴开惠
002430,杭州市国有资产监督管理委员会
002431,河南省财政厅
002433,柯树泉
002434,黄河清、吴月华
002435,"郁全和,郁霞秋,邱其琴,黄忠和"
002437,朱吉满、白莉惠
002439,王佳、严立
002440,张爱娟、阮静波、阮加春、阮靖淅、阮吉祥、张云达
002442,刘江山
002443,李巧思、封堃、孙进峰
002444,仇建平、王玲玲
002445,江阴高新技术创业园管理委员会
002447,薛成标
002449,广东省广晟资产经营有限公司
002451,问泽鸿
002453,张景明
002454,陈福成
002455,郑铁江、王亚娟
002457,陈家兴
002461,广州市人民政府国有资产监督管理委员会
002462,国务院国有资产监督管理委员会
002463,吴礼淦家族
002465,广州市国资委
002468,陈德军、陈小英
002471,杨飞
002472,吴长鸿、陈菊花、蒋亦卿、陈剑峰
002473,覃辉
002475,王来胜、王来春
002479,孙庆炎
002480,四川省国有资产监督管理委员会
002481,招远市金岭镇人民政府
002482,叶远西
002484,方铿
002486,李兆廷
002488,孙锋峰、孙金国、孙利群
002489,谢建勇、谢建强、谢建平、谢先兴
002490,张恩荣
002495,林平涛、林长浩、林长青、许巧婵、林长春
002498,张思夏
002500,山西省财政厅
002501,王民、张永侠、王建新
002504,"何宁,甄建涛"
002505,姜照柏
002507,重庆市涪陵区国有资产监督管理委员会
002510,"胡津生,常世平,董书新,尹宝茹,任伟,张义生,鲍建新,王子玲"
002511,邓颖忠、邓冠彪、邓冠杰
002514,陈东、汪敏
002518,刘程宇、刘玲
002520,吴捷先生和吴良定先生家族
002522,陈大魁
002523,株洲市人民政府国有资产监督管理委员会
002526,赵笃学
002527,纪德法、刘丽萍、纪翌
002528,深圳市国有资产监督管理委员会
002529,李良光、李建峰、李祥凌
002532,许敏田、杨佩华
002533,吴学愚、孙文利
002534,王水福、陈夏鑫、谢水琴
002536,孙耀志、孙耀忠
002537,刘国平、孙刚
002538,袁启宏
002540,周福海、周吉、于丽芬
002541,商晓波、邓烨芳
002542,成都市国有资产监督管理委员会
002543,卢础其、卢楚隆、卢楚鹏
002544,中国电子科技集团有限公司
002545,韩汇如
002547,孙洁晓
002552,朱丽霞、朱宝松、钱玉英
002553,史建伟、史娟华、史维
002554,长沙市人民政府国有资产监督管理委员会
002556,安徽省供销合作社联合社
002559,2171万
002560,史万福、马红菊
002561,上海市徐汇区国有资产监督管理委员会
002562,钱志达、钱志明
002563,邱光和、邱坚强、周平凡、戴智约、邱艳芳
002564,上海市国有资产监督管理委员会
002565,王丹、张少怀
002572,江淦钧、柯建生
002573,四川省国有资产监督管理委员会
002574,虞兔良、虞阿五
002575,王叁寿
002576,魏少军、魏强
002580,298.9万
002581,潘爱华、杨晓敏、罗德顺、赵芙蓉
002584,黄伟波、黄少群、黄伟鹏、黄侦杰、黄侦凯
002586,冯全宏、王掌权、罗全民、张子和、邱春方
002588,高文班、高进华、高英、高文安、高文靠、古龙粉、高文都
002589,张仁华、韩旭
002590,陈锋、陈利祥、陈永汉、俞迪辉、陈黎慕、陈黎明
002591,朱星河、胡恩雪
002593,吴子文、吴丽珠
002596,张海林、冯活灵、张艺林
002597,杨迎春、杨乐
002598,济南市章丘区财政局
002602,王苗通、王一锋
002603,吴以岭、吴相君、吴瑞
002605,姚朔斌、姚晓丽、姚文琛、姚硕榆、邱金兰
002607,鲁忠芳、李永新
002608,江苏省国有资产监督管理委员会
002609,唐健、刘翠英
002611,唐灼林、唐灼棉
002612,申东日、申今花
002614,邹剑寒、李五令
002616,何启强、麦正辉
002617,鲁小均、李伯英、鲁永
002619,吕仁高
002621,解直锟
002623,林金锡、林金汉
002627,宜昌市人民政府国有资产监督管理委员会
002632,胡智雄、胡智彪
002633,何全波、何建东
002635,吕莉、王春生
002637,张惠琪
002638,李旭亮、温琦
002639,林汝捷
002640,广州开发区管委会
002641,张建均、卢彩芬
002642,王东辉、吴敏
002643,中国节能环保集团有限公司
002644,兰州市国有资产监督管理委员会
002645,胡士勇、胡士清、胡士法、胡士勤
002648,杨卫东、杨亚珍
002650,杨振、肖赛平、杨子江
002653,王俊民、范秀莲、郑伟
002654,湖北省国有资产监督管理委员会
002656,林永飞
002657,沈飒、朱烨东
002659,北京市海淀区国有资产管理委员会
002664,尹兴满
002665,黄文佳、黄卿乐、黄文博
002666,徐团华、徐庆芳、徐咸大
002667,杨永柱、温萍
002669,唐山市人民政府国有资产监督管理委员会
002670,杜力、张巍
002671,许培锋
002672,广东省人民政府国有资产监督管理委员会
002673,陕西省人民政府国有资产监督管理委员会
002677,夏志生、夏鼎、夏兰、鲍逸鸿
002678,广州市人民政府国有资产监督管理委员会
002679,将乐县财政局
002682,龙岩市人民政府国有资产监督管理委员会
002683,广东省广业集团有限公司
002684,陈再喜、陈银卿、陈乐伍、陈乐强
002685,翁耀根、翁杰、孟正华
002686,浙江省人民政府国有资产监督管理委员会
002687,池方燃、陈永霞、池也
002688,王东晓、路牡丹、路漫漫、王志军、王晓英
002691,冯春保
002693,王成栋、王荧璞
002694,任永青
002695,徐桂芬、褚建庚、褚剑、褚浚
002696,孙忠义、蔡晶
002698,邓喜军、张玉春、王永洁、王春钢、蔡志宏、刘美霞、王昊成、贾冬梅、邓明承、成志锋
002699,赵小强
002702,滕用雄
002703,张世权、汤浩瀚、张宝义、张兰君、张世忠
002706,任思龙、丁发晖、樊剑军、陈平、任思荣
002708,扬州富海光洋股权投资基金合伙企业(有限合伙)
002711,陈礼豪家族
002712,四川省政府国有资产监督管理委员会
002713,陈辉、杨劲
002714,秦英林、钱瑛
002718,时沈祥、骆莲琴
002719,李勇、王翠先、李玉瑚、李刚
002721,北京市海淀区人民政府国有资产监督管理委员会
002725,林仙明、林万青、林信福、林申茂、林斌、林平
002726,戴学斌、董翔
002728,许丹青、许松青、许为高、许丽芳、许恒青
002729,黄舒婷、郑倩龄
002730,石向才、石志微、石晓霞、石碎标、施隆、朱丹
002732,广东省农垦集团公司
002734,李明、李新生、李媛媛
002736,深圳市国资委
002737,关彦斌
002738,"刘新国,王平卫,吴志华,陈海舟,汪芳淼,魏云峰,欧学钢7名实际控制人"
002739,王健林
002740,苏日明、狄爱玲
002741,郑创发、郑靭、郑侠
002742,潘先文、周廷娥
002743,杨俊斌
002746,王寿纯、曲立荣
002752,林永龙、林永保、林永贤
002753,刘东良、靳彩红
002757,林旺南、詹谏醒
002758,浙江省供销合作社联合社
002759,吴锡盾、池锦华
002760,陈晓、陈功林、陈静、陈也寒
002762,林浩亮、林若文
002765,朱堂福、熊敏、朱俊翰
002767,石政民、石义民
002768,王爱国、徐波
002769,广东省广州市人民政府
002770,张清海、许秀云
002773,柯潇、柯尊洪、钟建荣
002774,罗爱文、罗爱明
002775,李从文、赵文凤
002776,陈伟雄、陈娜娜
002777,中国工程物理研究院
002779,吴明根、赵爱娱
002781,叶家豪
002783,荆门市人民政府国有资产监督管理委员会
002786,中国东方资产管理股份有限公司
002787,李志聪、李炳兴、陆杏珍
002792,吴中林、时桂清
002796,韩裕玉、王娟、韩惠明
002798,刘进、陈伟、吴志雄
002800,王普宇、胡晓玲
002810,毕心德、毕文娟、毕于东、杨爱菊
002811,郑忠、邱艾
002812,李晓明、Sherry Lee、Jerry Yang Li、李晓华、惠雁阳、马燕
002815,姜雪飞、朱雪花
002816,覃有倘、龙小明、邹明
002817,余春明、余超彪
002819,中国科学院
002820,天津市河西区人民政府国有资产监督管理委员会
002822,庄小红、庄展诺、庄重
002823,吴瑛、张浩宇
002827,西藏自治区国有资产监督委员会
002829,迟家升、李国盛
002830,蓝继晓、林金成、彭旭文
002831,吴兰兰、王华君
002832,谢秉政、冯玲玲
002833,李茂洪、刘雨华、刘风华
002835,郭立志、刘砥
002836,孟学、张宏清
002838,于晓宁、韩丽梅
002840,朱俭勇、朱俭军
002841,黄正聪、王毅然、孙永辉、于伟、周开琪、尤天远
002845,万锋、钟小平、李锋、刘秋香
002846,翁伟武、翁伟炜、翁伟嘉、翁伟博、蔡沛侬、柯丽婉
002847,张学武、张学文
002850,励建立、励建炬
002857,于文彪、金双寿、刘俊忠
002858,夏青、余朝旭
002860,楼月根、楼勇伟
002861,黄晖、左笋娥
002865,杨氏家族
002866,邹伟民、陈敏
002867,周宗文、周华珍
002869,罗瑞发、刘咏平、杨成、王明宽、李娜、李朝莉
002871,范庆伟、范玉隆
002875,曹璋、王建青
002880,光明区人民政府
002882,郑有水
002883,陈凤军、刘翔、廖芳龄、周晓慧、陈峻、孙家骏
002884,王海波、施宗梅
002885,张立品、窦晓月
002886,吴宪、何征
002887,卢云慧、祁永
002888,HONGBO YAO、HUIFANG CHEN
002891,郝忠礼、肖爱玲
002892,聂葆生、聂鹏举
002895,李光明、李进
002896,周国英、岑国建
002897,陈献孟、方建斌、蒋友安、方建文
002898,蔡南桂、唐霖
002900,秦剑飞、周莉
002901,林志雄、林志军
002902,杨先进、焦彩红
002903,许世雄、许燕鸣、许亮
002905,李玉珍、李根长
002906,邹淦荣、李道勇、吴卫、张元泽、陈世银、李光辉、曾仁武、孙永镝
002907,游谊竹、游洪涛、王瑛
002911,佛山市国有资产监督管理委员会
002912,深圳市人民政府国有资产监督管理委员会
002913,贺波、程涌
002916,国务院国有资产监督管理委员会
002917,明刚、明景谷
002918,萧华、霍荣铨、邓啟棠、张旗康
002920,惠州市人民政府国有资产监督管理委员会
002923,陈新民、李希
002926,泸州市国有资产监督管理委员会
002927,黄正乾、吴月平
002929,李建国、蒋鹂北
002932,陈莉莉、王颖
002933,戴岳、郝萌乔、戴小林、王苹
002935,中国电子科技集团公司
002937,张忠良、张华芬、张瑞琪、张哲瑞
002939,国务院国有资产监督管理委员会
002940,方南平、吕慧浩
002941,新疆维吾尔自治区人民政府国有资产监督管理委员会
002946,Liu Chang、刘永好
002950,崔金海、万小香、崔辉、崔星炜
002951,李文秀、李海坚、李海峰
002952,贾继涛
002955,邢修青、王京、邢正
002959,李一峰、张红
002961,林志斌、林鸿斌、林丽芳
002963,刘清梅、戴宝林、戴聪棋
002965,陈荣、谢祥娃
002967,广州市人民政府国有资产监督管理委员会
002968,王宣、李茂顺、陈建华、廖才勇
002969,陈民、厉翠玲
003816,国务院国有资产监督管理委员会
300002,李力、王宁
300004,杨子江、杨泽文、杨子善
300005,盛发强、王静
300007,任红军、钟超
300009,宋礼华、宋礼名
300012,万云翔、万峰
300014,刘金成、骆锦红
300016,王代雪
300018,"邓志刚,王永业,张小波,刘屹,尹健,卢春明,尹力光"
300019,15万
300020,王辉、刘健
300021,王浩宇、仇玲
300022,王新明、王红艳
300023,赵敏、邢连鲜
300024,中国科学院
300026,成都市国有资产监督管理委员会
300027,王忠军、王忠磊
300032,金绍平
300034,国务院国有资产监督管理委员会
300035,余新、李爱武
300037,覃九三、周达文、钟美红、郑仲天、张桂文、邓永红
300038,张志勇、张敏
300039,穆来安
300041,章锋、吴正明、刘鹏、史襄桥、赵勇刚、王争业
300043,陈雁升、陈冬琼
300045,高小离、王琦、熊运鸿
300047,3455万
300051,龚少晖
300052,李瑞杰、张云霞
300053,珠海市人民政府国有资产监督管理委员会
300054,朱双全、朱顺全
300055,王飘扬
300062,陈曼虹、陈添旭、吴昊、周玉成
300066,李建林、李强祖
300067,纪立军、张烈寅
300072,北京市海淀区人民政府国有资产监督管理委员会
300073,国务院国有资产监督管理委员会
300074,姚莉红、刘海东、叶顺彭
300076,开封市人民政府
300078,路楠
300080,河南省国有资产监督管理委员会
300082,朱建民、刘兆滨、董振鹏、仲崇纲
300085,张学君、陈向军、李军
300088,安徽省国有资产监督管理委员会
300089,蔡廷祥、吴淡珠
300090,开晓胜
300091,南通市人民政府国有资产监督管理委员会
300092,林祯华、林祯荣、林祯富
300099,王晶华、黄自伟
300100,邬建斌、邬维静、邬晓静
300103,孙建西、李太杰
300105,国务院国有资产监督管理委员会
300106,新疆生产建设兵团第八师国有资产监督管理委员会
300109,王东虎、王坚强、杨海江
300110,西安曲江新区管理委员会
300111,吴建龙
300114,国务院国有资产监督管理委员会
300117,田家玉
300120,董树林、张国祥、张秋凤
300121,王传华
300126,吴明厅、应媛琳
300128,富国平
300129,柳志成、黄京明、夏权光、张锦楠、张福林
300133,傅梅城、赵依芳
300135,周德洪、周秀凤
300140,国务院国有资产监督管理委员会
300143,海尔集团公司
300145,无锡市人民政府国有资产监督管理委员会
300147,陈淑梅、王永辉
300149,曾宪经、黄雁玲
300150,牛俊杰、王铁
300152,毛凤丽
300153,严伟立、谢松峰、戚韶群、马恩曦
300156,吴道洪
300160,卢相杞、卢秀强、陆秀珍
300162,李漫铁、王丽珊、李琛、李跃宗
300166,管连平、霍卫平
300169,吴海宙、孙剑、吕泽伟
300170,陈迪清、范建震
300173,佛山市人民政府国有资产监督管理委员会
300174,王延安、卢元健
300175,戚大广
300179,方海江、付玉霞
300180,尤小平、尤金焕、尤小华、陈林真、尤小玲、尤小燕
300183,崔健、胡亚军、王锐
300188,国务院国有资产监督管理委员会
300192,吴贤良、吴艳红
300196,杨鹏威、杨国文
300199,曾少贵、曾少强、曾少彬
300202,柳永诠、柳长庆、周素芹
300203,王健、姚纳新
300204,周志文、冯宇霞
300205,华中科技大学
300207,王明旺、王威
300208,青岛市人民政府国有资产监督管理委员会
300209,孙伯荣
300210,郭松森
300211,王振洪、王桂珍
300212,国务院国有资产监督管理委员会
300213,林菁、郑贵祥
300215,胡德霖、胡醇
300217,谭荣生、谭克、谭伟
300218,"姚和平,王义峰,杨滁光,陈茂祥"
300219,泸州市国有资产监督管理委员会
300223,刘强、李杰
300224,秘波海
300225,刘少林
300226,郭广昌
300227,侯若洪、姚彩虹
300230,史佩浩、王亦嘉
300233,赵鸿富、赵叶青
300234,邢翰学、吴剑鸣、邢翰科
300236,王福祥、孙江燕
300237,潍坊市国有资产监督管理委员会
300238,张永明、林玲
300240,姚勤、吴有毅、沈黎明
300242,郭英成、郭英智
300245,苏博
300246,燕金元、王石
300247,吕向阳、张长虹
300249,孙屹峥、张菀
300253,周炜、王英
300254,翁占国、赵群、张振标
300255,高树华
300256,萍乡经济技术开发区管理委员会
300258,夏汉关、黄静
300259,费战波、费占军
300260,李水波、申安韵
300261,蔡彤、汪新芽、毛海峰、王卓颖、马立凡
300263,李占明、李明强、李占强、李明卫
300268,联想控股股份有限公司
300269,刘虎军、熊瑾玉
300273,郝镇熙、蔡孟珂
300279,陈柏林
300280,郑岚、姚海燕
300281,广州市人民政府
300282,程璇、林荣滨
300283,陈晓、林萍
300284,符冠华、王军华
300287,杨振华、曹忻军、陈洪顺、王守言
300289,广州经济技术开发区管理委员会
300293,郭洪生
300297,柯宗贵、柯宗庆
300300,吴艳、王麒诚
300303,李晓丹、邢美正
300305,常州市钟楼区人民政府
300306,潘建根、孟欣
300309,高怀雪、徐博
300310,童文伟、史亚洲、钟飞鹏、唐军、刘昱
300312,张庆文、戴芙蓉
300314,陈再宏、陈云勤、陈再慰
300316,曹建伟、邱敏秀
300317,丁孔贤、李雳、丁蓓
300318,杜江涛、郝虹
300319,深圳市国有资产监督管理委员会
300320,钱胡寿、钱振宇
300328,株洲市人民政府国有资产监督管理委员会
300329,金海芬、陈海伦、陈朝峰
300330,上海市国有资产监督管理委员会
300334,天津工业大学
300335,常厚春、李祖芹、马革
300337,沈健生、沈于蓝
300338,罗建文、罗旭东、罗华东
300339,周红卫、姚宁
300342,佛山市南海区国有资产监督管理局
300344,樊立、樊志
300345,朱红玉、朱明楚、朱红专
300347,叶小平、曹晓春
300349,杨斌、施正余
300351,范永贵、范正军、范纪军、娄爱芹、卢素珍、汪敏华
300357,胡赓熙、陈燕霓
300359,陈炽昌、林小雅
300363,居年丰、陶荣、张和兵
300365,江春华、方文、罗新伟、陈显龙
300367,四川省政府国有资产监督管理委员会
300368,邯郸市人民政府国有资产监督管理委员会
300376,何思模
300377,唐球、鄢建红
300380,高勇、高鸣
300385,杨建平、许惠芬
300387,方胜玲、王仁宗
300390,裴振华、容建芬
300391,郭锡禄
300393,林建伟、张育政
300394,邹支农、欧洋
300395,邓家贵、吴学民
300402,陕西省国有资产监督管理委员会
300403,石华山、梁颖光
300407,孔祥洲、王伟
300410,徐地华、徐国凤、徐地明
300411,周建灿、周纯
300413,湖南广播电视台
300415,甄荣辉、陈敬财、梁敬华
300417,杨耀光、李源、邓志溢、杨伟光
300419,孙成文
300420,蔡敏、侯友夫、寿招爱
300422,王双飞、宋海农、许开绍、杨崎峰
300424,卜范胜、柳少娟、黄欣、李凤瑞
300425,国务院国有资产监督管理委员会
300427,杨保田、杨成
300428,"臧立根,臧立中,臧立国,臧永兴,臧娜,臧亚坤,臧永建,臧永奕,臧永和,臧洁爱欣,刘霞,陈庆会"
300429,钱晓春、管军
300430,梁学贤、梁凯
300432,安治富
300433,周群飞、郑俊龙
300435,章有春、章有虎
300436,李国平、叶理青、李国栋
300442,姜卫东、舒石泉、姜晓伟、张锡亮
300445,姜维利、何欣
300446,国务院国有资产监督管理委员会
300453,彭义兴、雷凤莲
300454,何朝曦、熊武、冯毅
300455,国务院国有资产监督管理委员会
300457,王维东、许小菊
300461,竹田享司、竹田周司
300463,唐勇、郭雷、王登明、刘启林
300464,蔡耿锡、谢晓华
300466,厉达、厉冉、王茜
300467,袁旭、章建伟、陈俊
300470,四川省机械研究设计院
300472,朱业胜、曾维斌、姜承法
300474,喻丽丽、曾万辉
300477,刘泽刚、韦强、张仁增、何昀、高星
300481,王中锋、杨瑞娜
300482,李文美、王继华
300483,吴海江、吴海林、吴君亮、吴汝德、吴君美
300484,邱文渊、徐学海
300486,姚卜文、姚长杰
300488,陈尔容、陈子彦、陈子怡
300490,"黄文宝,汪晓兵"
300491,贾彤颖、李明谦、马晓峰
300492,易定宏、伍景玉
300493,葛琼、郎晓刚
300495,王迎燕、徐晶
300498,"温均生,温志芬,温鹏程,温小琼,梁焕珍,伍翠珍,温子荣,陈健兴,刘容娇,孙芬,古金英"
300501,林武辉、朱秀梅
300502,高光荣、胡学民、黄晓雷、韩玉兰
300504,李俊霞、李俊画、李世宏、李跃亨
300508,汤同奎、郑之开
300509,何德平、何云涛
300510,洛阳市老城区人民政府
300511,杨勇萍、张帆
300512,史中伟、徐满花、史正
300513,钱苏晋、张小红
300514,崔涛、崔霞、崔奕
300516,中国船舶重工集团有限公司
300520,董永东、史兴领、杨杨、许广德
300521,唐晖、李明之、朱凡
300522,吕仕铭、王敏
300523,清华大学
300526,张顺、杨学君
300527,国务院国有资产监督管理委员会
300528,江苏省人民政府
300531,"郭颂,陈弋寒、刘丹"
300534,甘肃省国有资产监督管理委员会
300535,严建林、栗工
300536,吴亮、赵晓敏、吴世雄
300538,华青翠、邵羽南
300539,胡志军、黄秀珠、胡永纪
300542,李福华、康路、张燕生
300543,陈静、刘沛然、刘孝朋、刘晓昕
300546,高晶、郑嵩
300547,文谟统、文建树
300548,朱伟、丁勇
300550,杨一兵、杨波
300557,国务院国有资产监督管理委员会
300558,丁列明、YINXIANG WANG
300559,袁斌、寇健
300563,任凤娟、汤晓楠、汤建康
300564,徐先林、徐江
300568,陈秀峰、陈良
300570,张致民、张艺明、张映华、蔡乐、林升德、蔡波、姜丽娟、肖湘杰、黄伟新、郑余滨
300571,郭庆、张晖
300575,吴耀军、张骥
300576,林海望、黄勇、刘启升、杨遇春、刘群英
300578,黄元元
300579,北京市国有资产经营有限责任公司
300583,米超杰
300584,曹于平、姜晓群
300585,刘军胜
300587,王美雨、许吉锭、许孔斌
300588,何开文、岳亚梅
300589,夏刚、晏志清
300591,林大耀、林大洲、林彩虹、林大权
300594,李敬茂、李敬恩、马筠
300597,吉林大学
300598,王继平、刘荷艺
300604,赵轶、徐昕
300605,魏晓曦、欧霖杰
300606,胡秀英、杨璐、杨勍、杨稹
300612,张秀兵、万丽莉
300615,石伟平、薛枫
300616,李连柱、周淑毅
300617,陈晓晖、陈晓凌、陈晓鸣
300618,梁杰、梁建坤
300619,张启发、梁可、陆连锁
300622,ALEXANDER LIU、LOUISA FAN
300623,黄善兵、黄健、李燕
300625,张宇涛、张贤庆、林岩、陈松辉
300628,吴仲毅、陈智松、卢荣富、周继伟
300629,王刚、雷炳秀、王婧
300630,范敏华、朱小平
300631,薛加玉
300632,林文坤、林瑞梅
300633,陈志强、吴坤祥
300634,曾之俊、杨良志
300635,吴君晔、李涛
300636,庞正伟、梁忠诚
300637,樊彬、樊培仁、杨美意
300639,王建瑜、管乔中、管秩生、管子慧
300641,曹正国、沈杏秀
300644,刘越、吴劲松、刘曙阳、严渝荫
300647,刘郁、张魁、杜建军
300648,李有财、江美珠、刘作斌、汤平
300649,何韦、刘克章、吕明华、周为、葛荣
300651,李春荣、李剑刚、李剑峰、施美华
300652,沈仁荣、於彩君
300653,秘波海
300656,许香灿、许文焕
300658,谢继华、谢继权、谢影秋、谢淑冬、林彬彬、谢道平
300662,高勇、李跃章
300664,王洪春、王春林
300667,代啸宁、朱红艳
300673,陈振标、郑香兰
300675,深圳市人民政府国有资产监督管理委员会
300678,中国科学院控股有限公司
300679,陈育宣、林德英
300680,倪茂生、倪铭
300682,徐长军、郑新标
300683,陈亚、吴洪新
300684,叶露、吴晓宁、吴憾
300685,郑立谋
300686,吴加维、陈奕纯
300687,张成康、刘伟超、刘国华、欧阳湘英、曹金乔
300691,龚俊强、邱盛平、肖明志
300693,方兴、肖学礼、盛剑明
300695,孔爱祥、孔辰寰
300696,冉光文、范庆新、丁洪涛、谢鹏
300697,陈力皎、冯岳军
300698,张德生
300699,王言卿、陈亮
300700,段志明、杨辉煌
300702,林洁、屠勇军
300706,陈钦忠、陈秀梅
300709,王明喜、黄逸超
300710,许梦飞、许泉海
300711,广州市国有资产管理委员会
300712,林一文、季征南、宋发兴、卓秀者、王劲军、卢庆议、钱有武、陈强
300716,邵鉴棠、杨娜
300722,江西省国有资产监督管理委员会
300723,李捍雄、吴美容
300724,余仲、梁美珍、左国军
300726,曾琛、钟若农、曾继疆
300727,叶剑平、俞彩娟
300729,项乐宏、姜艺
300730,费耀平、李杰、李建华、刘星沙、刘应龙
300732,常兴文、汤意、王世杰、李智、毛振杰、刘东旭、林明、王国锋、杜战军、苏沛东、杨锋、杨磊、岳建光、张建平
300733,魏晓林、喻英莲、魏永春
300737,陈伟忠、阮宜宝
300741,朱林瑶
300743,韩琼、潘浦敦、刘建海
300745,吴壬华、毛丽萍
300746,岑政平、欧薇舟
300747,国务院国有资产监督管理委员会
300748,蔡报贵、胡志滨、李忻农
300749,林新达、林彩菊
300750,曾毓群、李平
300751,周剑、王正根
300752,吴新理、吕小霞
300756,邓志毅、刘喜旺、李勇
300757,戴军、王宏军、夏承周
300758,徐惠祥、臧婕
300760,李西廷、徐航
300761,程立力、沈静
300763,王一鸣、林伊蓓、王峻适
300765,蔡东晨
300769,吉学文、孔令涌、赵旭、WANG CHEN、WANG JOSEPH YUANZHENG
300770,广东广播电视台
300772,浙江省人民政府国有资产监督管理委员会
300777,杨永岗、温月芳
300780,雷永志、雷永强
300781,李明、王建朝
300782,许志翰、Chenhui Feng、Zhuang Tang
300788,中国中信集团有限公司
300789,周艳、陈唐龙
300790,张品光、姜先海、张伟、谭家勇、何敏超、金永红、谷晶晶、林炎明、张品章
300791,林培青、陈琼
300793,严文华、严帆
300795,潘建军、方欢胜、姚宗宪
300797,国务院国有资产监督管理委员会
300799,张军、何朝晖
300803,黄少雄、徐兵
300805,梁定郊、黄勇、曾俊、张黎、吴芳、袁金涛
300806,金闯、施蓉
300808,卓楚光、郭少燕
430142,国占昌、国佳
430223,陈先新、曾长姣
430372,柯伯成、柯伯留
430532,GEORGE MOHAN ZHANG、张北
430539,雷响、张俊娥
600004,广东省人民政府
600006,国务院国有资产监督管理委员会
600007,香格里拉(亚洲)有限公司、中国人寿保险(集团)公司
600008,北京市国有资产监督管理委员会
600009,上海市国有资产监督管理委员会
600010,内蒙古自治区人民政府
600011,国务院国有资产监督管理委员会
600012,安徽省人民政府国有资产监督管理委员会
600017,日照市人民政府
600018,上海市国有资产监督管理委员会
600019,国务院国有资产监督管理委员会
600020,河南省人民政府
600021,国务院国有资产监督管理委员会
600022,山东省国有资产监督管理委员会
600023,浙江省人民政府国有资产监督管理委员会
600025,国务院国有资产监督管理委员会
600026,国务院国有资产监督管理委员会
600027,国务院国有资产监督管理委员会
600028,国务院国有资产监督管理委员会
600029,国务院国有资产监督管理委员会
600033,福建省人民政府国有资产监督管理委员会
600035,湖北省人民政府国有资产监督管理委员会
600037,北京市市政府
600038,国务院国有资产监督管理委员会
600039,四川省国有资产监督管理委员会
600048,国务院国有资产监督管理委员会
600050,国务院国有资产监督管理委员会
600052,楼忠福
600053,吴刚、黄晓捷、吴强、蔡蕾、覃正宇
600054,黄山市国有资产监督管理委员会
600055,吴光明、吴群
600056,国务院国有资产监督管理委员会
600057,厦门市人民政府国有资产监督管理委员会
600058,国务院国有资产监督管理委员会
600059,绍兴市国有资产监督管理委员会
600060,青岛市人民政府国有资产监督管理委员会
600061,国务院国有资产监督管理委员会
600062,国务院国有资产监督管理委员会
600063,安徽省人民政府国有资产监督管理委员会
600064,南京市人民政府国有资产监督管理委员会
600066,"汤玉祥,牛波,张宝锋,杨张峰,游明设,王建军,谢群鹏"
600067,薛黎曦、韩国龙
600068,国务院国有资产监督管理委员会
600069,孟平
600070,赵林中等17名自然人
600071,国务院国有资产监督管理委员会
600072,国务院国有资产监督管理委员会
600073,上海市国有资产监督管理委员会
600075,新疆生产建设兵团农八师国有资产监督管理委员会
600076,无锡市人民政府国有资产监督管理委员会
600078,李兴
600079,艾路明
600081,国务院国有资产监督管理委员会
600082,天津市人民政府
600083,罗静
600085,北京市国有资产监督管理委员会
600088,中央电视台
600090,张美华、李青
600091,肖卫华
600093,冷天辉
600096,云南省人民政府国有资产监督管理委员会
600097,上海市国有资产监督管理委员会
600098,广州市人民政府国有资产监督管理委员会
600099,国务院国有资产监督管理委员会
600100,教育部
600101,国务院国有资产管理委员会
600103,福建省人民政府国有资产监督管理委员会
600104,上海市国有资产监督管理委员会
600105,莫林弟、莫思铭
600107,解直锟
600108,甘肃省人民政府国有资产监督管理委员会
600109,陈金霞
600111,内蒙古自治区人民政府
600112,潘琦
600113,温州市人民政府国有资产监督管理委员会
600115,国务院国有资产监督管理委员会
600116,国务院国有资产监督管理委员会
600117,青海省政府国有资产监督管理委员会
600118,国务院国有资产监督管理委员会
600119,上海市国有资产监督管理委员会
600120,浙江省人民政府国有资产监督管理委员会
600121,河南省人民政府国有资产监督管理委员会
600122,袁亚非
600123,晋城市国有资产管理委员会
600125,中国铁路总公司
600126,浙江省人民政府国有资产监督管理委员会
600127,长沙市人民政府国有资产监督管理委员会
600128,江苏省人民政府国有资产监督管理委员会
600129,重庆市涪陵区国有资产监督管理委员会
600131,国务院国有资产监督管理委员会
600132,CARLSBERG FOUNDATION(嘉士伯基金会)
600133,湖北省人民政府国有资产监督管理委员会
600135,国务院国有资产监督管理委员会
600136,艾路明
600137,翁荣金、翁关荣、翁荣弟
600138,中国青旅集团有限公司
600139,阙文彬
600141,兴山县人民政府国有资产监督管理委员会
600148,国务院国有资产监督管理委员会
600149,廊坊市自然资源和规划局
600150,国务院国有资产监督管理委员会
600151,国务院国有资产监督管理委员会
600153,厦门市国有资产监督管理委员会
600156,湖南省人民政府国有资产监督管理委员会
600158,国家体育总局
600159,北京市顺义区国有资产监督管理委员会
600160,浙江省人民政府国有资产监督管理委员会
600161,国务院国有资产监督管理委员会
600162,刘志强、翟美卿
600163,福建省人民政府国有资产监督管理委员会
600165,虞建明
600166,北京市人民政府国有资产监督管理委员会
600167,苏壮强、苏冠荣、苏素玉、苏武雄、苏壮奇
600168,武汉市人民政府国有资产监督管理委员会
600169,山西省人民政府国有资产监督管理委员会
600170,上海市国有资产监督管理委员会
600171,国务院国有资产监督管理委员会
600173,"陈建成,陈嫣妮"
600176,国务院国有资产监督管理委员会
600178,国务院国有资产监督管理委员会
600179,郭东泽、郭东圣
600182,林美凤、林振伟、陈应毅
600184,国务院国有资产监督管理委员会
600185,珠海市人民政府国有资产监督管理委员会
600186,顾华梅
600187,姜照柏
600188,山东省人民政府国有资产监督管理委员会
600189,吉林省人民政府国有资产监督管理委员会
600191,肖卫华
600192,甘肃省人民政府国有资产监督管理委员会
600193,陈冠全
600195,国务院国有资产监督管理委员会
600196,郭广昌
600197,新疆生产建设兵团第四师国资委
600198,国务院国有资产监督管理委员会
600199,阜阳市国有资产监督管理委员会
600201,260.8万
600202,哈尔滨市人民政府国有资产监督管理委员会
600203,福建省国有资产监督管理委员会
600206,国务院国有资产监督管理委员会
600207,河南省发展和改革委员会
600212,徐益明
600213,山东省人民政府国有资产监督管理委员会
600217,中华全国供销合作总社
600218,全椒县人民政府
600219,南山村村民委员会
600220,陆克平
600221,海南省政府国有资产监督管理委员会
600222,巩义市竹林镇政府
600223,山东省人民政府国有资产监督管理委员会
600225,天津市国有资产监督管理委员会
600228,北京市国有文化资产管理中心
600229,青岛市财政局
600230,国务院国有资产监督管理委员会
600231,朝阳市国有资产监督管理委员会
600233,喻会蛟、张小娟
600234,吴太交
600235,嘉兴市国有资产监督管理委员会
600236,国务院国有资产监督管理委员会
600237,应建仁、徐美儿
600238,王贵海
600239,云南省人民政府国有资产监督管理委员会
600241,辽宁省人民政府国有资产监督管理委员会
600243,于世光、朱砂
600246,王忆会
600248,陕西省人民政府国有资产监督管理委员会
600249,柳州市人民政府国有资产监督管理委员会
600250,南京市人民政府国有资产监督管理委员会
600251,新疆生产建设兵团农业建设第二师
600252,广西壮族自治区人民政府国有资产监督管理委员会
600255,冯青青
600256,孙广信
600257,罗祖亮
600258,北京市人民政府国有资产监督管理委员会
600259,广东省人民政府国有资产监督管理委员会
600260,公安县凯乐塑管厂
600261,陈森洁及其家族关联人
600262,国务院国有资产监督管理委员会
600265,郑家纯
600266,北京市国有资产监督管理委员会
600267,台州市椒江区人民政府
600268,国务院国有资产监督管理委员会
600269,江西省交通运输厅
600271,国务院国有资产监督管理委员会
600272,上海市静安区国有资产监督管理委员会
600275,翦英海
600278,上海市国有资产监督管理委员会
600279,重庆两江新区管理委员会
600280,祝义财
600281,山西省国有资产监督管理委员会
600282,郭广昌
600283,水利部综合事业局
600284,上海市浦东新区国有资产监督管理委员会
600285,熊维政、熊伟
600287,江苏省人民政府国有资产监督管理委员会
600288,郑素贞
600290,陈道荣
600291,肖卫华
600292,国务院国有资产监督管理委员会
600295,"王林祥,赵魁,张银荣,侯永旺,王俊峰"
600297,孙广信
600298,宜昌市国有资产监督管理委员会
600299,中国国有资产监督管理委员会
600301,广西壮族自治区人民政府国有资产监督管理委员会
600302,西安市人民政府国有资产监督管理委员会
600303,张秀根
600305,镇江市国有资产监督管理委员会
600306,黄茂如
600307,甘肃省人民政府国有资产监督管理委员会
600309,烟台市国有资产监督管理委员会
600310,广西贺州市人民政府国资委
600311,张严德
600312,国务院国有资产监督管理委员会
600313,国务院国有资产监督管理委员会
600316,国务院国有资产监督管理委员会
600317,招商局集团有限公司
600318,安徽省供销合作社联合社
600320,国务院国有资产监督管理委员会
600322,天津市人民政府国有资产监督管理委员会
600323,佛山市南海区公有资产管理委员会
600325,珠海市人民政府国有资产监督管理委员会
600326,西藏自治区人民政府国有资产监督管理委员会
600328,国务院国有资产监督管理委员会
600329,天津市人民政府国有资产监督管理委员会
600331,刘沧龙
600332,广州市国有资产监督管理委员会
600333,长春市国有资产监督管理委员会
600335,国务院国有资产监督管理委员会
600336,青岛市人民政府国有资产监督管理委员会
600338,黄瑛、黄建荣
600339,中国石油天然气集团有限公司
600343,国务院国有资产监督管理委员会
600345,国务院国有资产监督管理委员会
600346,陈建华、范红卫
600348,山西省国有资产监督管理委员会
600350,山东省国有资产监督管理委员会
600352,阮水龙、阮伟祥、项志峰
600356,牡丹江市国有资产监督管理办公室
600358,江西省国有资产监督管理委员会
600359,新疆生产建设兵团第一师国有资产监督管理委员会
600361,海南省文化交流促进会
600362,江西省国有资产监督管理委员会
600366,竺韵德
600367,青岛市人民政府国有资产监督管理委员会
600368,广西壮族自治区人民政府国有资产监督管理委员会
600369,重庆市国有资产监督管理委员会
600370,卞兴才
600371,鲁伟鼎
600372,国务院国有资产监督管理委员会
600373,江西省人民政府
600375,马鞍山市人民政府
600376,北京市人民政府国有资产监督管理委员会
600377,江苏省国有资产监督管理委员会
600378,国务院国有资产监督管理委员会
600379,国务院国有资产监督管理委员会
600382,张坚力、张伟标
600385,黄俊钦
600386,北京市国有资产监督管理委员会
600387,海南省慈航公益基金会
600390,国务院国有资产监督管理委员会
600391,国务院国有资产监督管理委员会
600392,中华人民共和国财政部
600395,贵州省国有资产监督管理委员会
600396,国务院国有资产监督管理委员会
600397,江西省国有资产监督管理委员会
600399,沈文荣
600400,周海江、周耀庭、周海燕、刘连红、顾萃
600403,河南省人民政府国有资产监督管理委员会
600406,国务院国有资产监督管理委员会
600410,85.25万
600415,义乌市国有资产监督管理委员会
600416,湖南省国有资产管理委员会
600418,安徽省国有资产监督管理委员会
600419,新疆生产建设兵团第十二师国有资产监督管理委员会
600420,国务院国有资产监督管理委员会
600421,楼永良
600422,汪力成
600423,柳州市国有资产监督管理委员会
600425,新疆生产建设兵团农一师国有资产监督管理委员会
600426,山东省国有资产监督管理委员会
600428,国务院国有资产监督管理委员会
600429,北京市国有资产监督管理委员会
600433,国务院国有资产监督管理委员会
600435,国务院国有资产监督管理委员会
600436,漳州市国有资产监督管理委员会
600444,国务院国有资产监督管理委员会
600448,滨州市人民政府国有资产监督管理委员会
600449,国务院国有资产监督管理委员会
600452,国务院国有资产监督管理委员会
600456,陕西省国有资产监督管理委员会
600458,国务院国有资产监督管理委员会
600459,云南省国有资产监督管理委员会
600460,陈向东、范伟宏、郑少波、江忠永、罗华兵、宋卫权、陈国华
600461,南昌市国有资产监督管理委员会
600462,韩越
600463,北京市顺义区人民政府国有资产监督管理委员会
600468,天津市国有资产监督管理委员会
600469,国务院国有资产监督管理委员会
600475,无锡市国有资产监督管理委员会
600476,中华人民共和国财政部
600479,株洲市人民政府国有资产监督管理委员会
600480,国务院国有资产监督管理委员会
600482,国务院国资委
600483,福建省人民政府国有资产监督管理委员会
600486,国务院国有资产监督管理委员会
600488,天津市人民政府国有资产监督管理委员会
600489,国务院国有资产监督管理委员会
600490,姜照柏
600495,国务院国有资产监督管理委员会
600496,金良顺
600497,国务院国有资产监督管理委员会
600498,国务院国有资产监督管理委员会
600500,国务院国有资产监督管理委员会
600501,国务院国有资产监督管理委员会
600502,安徽省人民政府国有资产监督管理委员会
600505,国务院国有资产监督管理委员会
600506,中华人民共和国财政部
600507,方威
600508,国务院国有资产监督管理委员会
600509,新疆生产建设兵团农八师石河子市国有资产监督管理委员会
600510,常州市新北区人民政府
600511,国务院国有资产监督管理委员会
600513,扬州市人民政府国有资产监督管理委员会
600515,海南省慈航公益基金会
600516,方威
600517,国务院国有资产监督管理委员会
600519,贵州省人民政府国有资产监督管理委员会
600520,罗其芳、周文育
600523,国务院国有资产监督管理委员会
600525,15.28万
600526,浙江省国有资产监督管理委员会
600528,国务院国有资产监督管理委员会
600529,沂源县行政事业单位国有资产管理办公室
600530,上海大众企业管理有限公司职工持股会
600531,济源市人民政府
600532,俞倪荣、谢雨彤
600533,南京栖霞国有资产经营有限公司
600535,闫凯境、闫希军、吴迺峰、李畇慧
600536,国务院国有资产监督管理委员会
600537,古耀明
600538,朱蓉娟、彭韬
600540,新疆生产建设兵团农业第五师国有资产监督管理委员会
600543,甘肃省人民政府国有资产监督管理委员会
600546,山西省人民政府国有资产监督管理委员会
600547,山东省人民政府国有资产监督管理委员会
600548,深圳市人民政府国有资产监督管理委员会
600549,福建省国有资产监督管理委员会
600550,国务院国有资产监督管理委员会
600551,安徽省人民政府
600552,国务院国有资产监督管理委员会
600555,海南省慈航公益基金会
600556,SINA Corporation、李檬
600558,自贡市国有资产监督管理委员会
600559,衡水市财政局
600560,国务院国有资产监督管理委员会
600561,南昌市国有资产监督管理委员会
600562,国务院国有资产监督管理委员会
600563,厦门市法拉发展总公司职工代表大会
600565,罗韶宇
600567,吴明武、徐丽凡
600568,许德来
600569,河南省人民政府国有资产监督管理委员会
600573,北京市人民政府
600575,安徽省人民政府国有资产监督管理委员会
600576,俞发祥
600577,李光荣
600578,北京市国有资产监督管理委员会
600579,国务院国有资产监督管理委员会
600581,国务院国有资产监督管理委员会
600582,国务院国有资产监督管理委员会
600583,国务院国有资产监督管理委员会
600585,安徽省国有资产监督管理委员会
600586,丁茂良
600587,山东省人民政府国有资产监督管理委员会
600589,杨启昭、林素娟
600592,漳州市国有资产监督管理委员会
600593,大连星海湾开发建设管理中心
600595,"Maxon Limited、张志平,张高波"
600597,上海市国有资产监督管理委员会
600598,中华人民共和国财政部
600599,赵伟平
600600,青岛市人民政府国有资产监督管理委员会
600601,中华人民共和国教育部
600602,上海市国有资产监督管理委员会
600603,孙广信
600604,上海市静安区国有资产监督管理委员会
600608,昆明市人民政府国有资产监督管理委员会
600609,辽宁省人民政府国有资产监督管理委员会
600611,职工持股会
600612,上海市黄浦区国有资产监督管理委员会
600614,张朋起、宋雪云
600616,上海市国有资产监督管理委员会
600617,山西省人民政府国有资产监督管理委员会
600618,上海国有资产监督管理委员会
600619,上海市国有资产监督管理委员会
600620,叶立培、叶茂菁
600621,上海市国有资产监督管理委员会
600622,中央汇金投资有限责任公司
600623,上海市国有资产监督管理委员会
600624,国家教育部
600626,上海市国有资产监督管理委员会
600628,上海市黄浦区国有资产监督管理委员会
600629,上海市国有资产监督管理委员会
600630,上海市国有资产监督管理委员会
600633,浙江日报报业集团
600634,颜静刚
600635,上海大众企业管理有限公司职工持股会
600636,国务院国有资产监督管理委员会
600637,上海市国有资产监督管理委员会
600638,北京市人民政府
600639,"上海市国有资产监督管理委员会,上海市浦东新区国有资产监督管理委员会"
600640,国务院国有资产监督管理委员会
600641,朱旭东、李勇军、王晴华
600642,上海市国有资产监督管理委员会
600647,中华人民共和国财政部
600648,上海市浦东新区国有资产监督管理委员会
600649,上海市国有资产监督管理委员会
600650,上海市国有资产监督管理委员会
600652,刘祥、雷宪红、张立燕
600653,辽宁省人民政府
600654,涂国身
600655,郭广昌
600657,中华人民共和国财政部
600658,北京市国有资产监督管理委员会
600662,上海市国有资产监督管理委员会
600663,"上海市国有资产监督管理委员会,上海市浦东新区国有资产监督管理委员会"
600664,哈尔滨市国有资产监督管理委员会
600665,西安市人民政府
600666,左洪波、褚淑霞
600667,无锡市国有资产管理委员会
600668,金华市国有资产监督管理委员会
600671,赵锐勇、赵非凡
600673,张中能、郭梅兰
600674,四川省政府国有资产监督管理委员会
600675,上海市国有资产监督管理委员会
600676,上海市国有资产监督管理委员会
600677,国务院国有资产监督管理委员会
600679,上海市国有资产监督管理委员会
600682,袁亚非
600683,北京市人民政府国有资产监督管理委员会
600684,广州市人民政府国有资产监督管理委员会
600685,国务院国有资产监督管理委员会
600686,福建省国有资产监督管理委员会
600687,徐建刚
600688,国务院国有资产监督管理委员会
600689,重庆市国有资产监督管理委员会
600690,海尔集团公司
600691,山西省国有资产监督管理委员会
600692,上海市崇明区国有资产监督管理委员会
600693,郑淑芳
600697,长春市国有资产监督管理委员会
600698,国务院国有资产监督管理委员会
600701,哈尔滨工业大学
600703,林秀成
600704,浙江省人民政府
600705,国务院国有资产监督管理委员会
600707,咸阳市人民政府国有资产监督管理委员会
600708,上海市国有资产监督管理委员会
600710,国务院国有资产监督管理委员会
600711,姚雄杰
600712,南宁市人民政府国有资产监督管理委员会
600713,南京市人民政府国有资产监督管理委员会
600714,青海省政府国有资产监督管理委员会
600715,北京市国有文化资产管理中心
600716,江苏省人民政府
600717,天津市人民政府国有资产监督管理委员会
600719,大连市人民政府国有资产监督管理委员会
600720,国务院国有资产监督管理委员会
600721,米恩华、杨小玲
600722,河北省人民政府国有资产监督管理委员会
600723,北京市人民政府国有资产监督管理委员会
600724,宁波市人民政府国有资产监督管理委员会
600725,云南省人民政府国有资产监督管理委员会
600726,国务院国有资产监督管理委员会
600727,无棣县财政局
600729,重庆市国有资产监督管理委员会
600730,中华人民共和国教育部
600731,湖南省人民政府国有资产监督管理委员会
600733,北京市国有资产监督管理委员会
600736,苏州国家高新技术产业开发区管理委员会
600737,国务院国有资产监督管理委员会
600738,朱宝良
600739,辽宁省人民政府国有资产监督管理委员会
600740,山西省人民政府国有资产监督管理委员会
600741,上海市国有资产监督管理委员会
600743,北京市西城区人民政府国有资产监督管理委员会
600744,国务院国有资产监督管理委员会
600746,镇江市国有资产监督管理委员会
600747,代威
600748,上海市国有资产监督管理委员会
600750,国务院国有资产监督管理委员会
600751,海南省慈航公益基金会
600754,上海市国有资产监督管理委员会
600755,厦门市人民政府国有资产监督管理委员会
600756,山东省人民政府国有资产监督管理委员会
600757,湖北省国有文化资产监督管理与产业发展领导小组办公室
600758,辽宁省国有资产监督管理委员会
600759,HUI Ling(许玲)
600760,国务院国有资产监督管理委员会
600761,安徽省人民政府国有资产监督管理委员会
600764,国务院国有资产监督管理委员会
600765,国务院国有资产监督管理委员会
600766,徐诚东
600767,戴学斌、董翔
600768,"宋汉平,周波等8名自然人"
600769,武汉东湖新技术开发区管理委员会
600771,郭家学
600773,上海市静安区国有资产监督管理委员会
600775,国务院国有资产监督管理委员会
600776,国务院国有资产监督管理委员会
600779,帝亚吉欧
600780,山西省国有资产监督管理委员会
600782,江西省国有资产监督管理委员会
600783,山东省人民政府国有资产监督管理委员会
600784,山东省国有资产监督管理委员会
600785,张文中
600787,国务院国有资产监督管理委员会
600789,山东省人民政府国有资产监督管理委员会
600790,绍兴市柯桥区人民政府
600791,北京市国有资产监督管理委员会
600792,云南省人民政府国有资产监督管理委员会
600793,宜宾市国有资产监督管理委员会
600794,江苏省张家港张家港保税区管理委员会
600795,国务院国有资产监督管理委员会
600796,海宁市人民政府
600798,浙江省人民政府国有资产监督管理委员会
600800,天津市人民政府国有资产监督管理委员会
600801,LafargeHolcim Ltd
600802,福建省国有资产监督管理委员会
600805,盐城市国有资产监督管理委员会
600808,国务院国有资产监督管理委员会
600809,山西省国有资产监督管理委员会
600810,河南省国有资产监督管理委员会
600812,河北省国有资产监督管理委员会
600814,杭州市人民政府国有资产监督管理委员会
600815,厦门市人民政府国有资产监督管理委员会
600816,高天国
600817,汤玉祥、游明设、曹建伟、王建军、谢群鹏、杨张峰、张宝锋
600819,上海市国有资产监督管理委员会
600820,上海市国有资产监督管理委员会
600821,天津市国有资产监督管理委员会
600822,上海市国有资产监督管理委员会
600824,上海市黄浦区国有资产监督管理委员会
600825,上海市国有资产监督管理委员会
600826,上海市国有资产监督管理委员会
600827,上海市国有资产监督管理委员会
600828,黄茂如
600830,中国烟草总公司
600831,中共陕西省委宣传部
600833,上海市国有资产监督管理委员会
600834,上海市国有资产监督管理委员会
600835,上海市国有资产监督管理委员会
600836,费钧德
600838,上海市静安区国有资产监督管理委员会
600839,绵阳市国有资产监督管理委员会
600841,上海市国有资产监督管理委员会
600844,江苏省丹阳市人民政府
600845,国务院国有资产监督管理委员会
600846,中华人民共和国教育部
600848,上海市国有资产监督管理委员会
600850,国务院国有资产监督管理委员会
600853,黑龙江省人民政府国有资产监督管理委员会
600854,春兰(集团)公司
600855,国务院国有资产监督管理委员会
600856,郭思颖、薛东萍
600857,徐柏良
600858,山东省人民政府国有资产监督管理委员会
600859,北京市国有资产监督管理委员会
600860,北京市人民政府国有资产监督管理委员会
600861,北京市人民政府国有资产监督管理委员会
600862,国务院国有资产监督管理委员会
600863,国务院国有资产监督管理委员会
600864,哈尔滨市人民政府国有资产监督管理委员会
600865,陈桂花、王水福
600866,广东省人民政府
600867,李一奎、王殿铎
600870,王玲玲、王春芳
600871,国务院国有资产监督管理委员会
600872,姚振华
600873,孟庆山及其一致行动人
600874,天津市人民政府国有资产监督管理委员会
600875,国务院国有资产监督管理委员会
600876,国务院国有资产监督管理委员会
600877,国务院国有资产监督管理委员会
600879,国务院国有资产监督管理委员会
600880,成都市国有资产监督管理委员会
600881,长春市人民政府国有资产监督管理委员会
600883,王绥义
600884,郑永刚
600886,国务院国有资产监督管理委员会
600889,南京市国有资产监督管理委员会
600890,呼健
600891,平贵杰
600893,国务院国有资产监督管理委员会
600894,广州市人民政府国有资产监督管理委员会
600895,上海市浦东新区国有资产监督管理委员会
600897,厦门市国有资产监督管理委员会
600898,黄光裕
600900,国务院国有资产监督管理委员会
600901,江苏省人民政府国有资产监督管理委员会
600908,4000
600909,安徽省国有资产监督管理委员会
600917,重庆市国有资产监督管理委员会
600926,杭州市财政局
600929,湖南省人民政府国有资产监督管理委员会
600936,广西电视台
600939,重庆市国有资产监督管理委员会
600960,北京市人民政府国有资产监督管理委员会
600961,中国五矿集团有限公司
600962,国务院国有资产监督管理委员会
600963,国务院国有资产监督管理委员会
600965,李高生、李福成
600966,杨延良
600967,国务院国有资产监督管理委员会
600968,中国海洋石油集团有限公司
600969,郴州市人民政府
600970,国务院国有资产监督管理委员会
600971,安徽省人民政府国有资产监督管理委员会
600973,中国航空工业集团有限公司
600975,湖南省人民政府国有资产监督管理委员会
600976,汪力成
600977,中国电影集团公司
600978,刘绍喜
600979,广安市广安区人民政府
600980,国务院国有资产监督管理委员会
600981,江苏省人民政府国有资产监督管理委员会
600982,宁波市国有资产监督管理委员会
600983,Whirlpool Corporation
600984,陕西省人民政府国有资产监督管理委员会
600985,安徽省国有资产监督管理委员会
600987,杭州萧山航民村资产经营中心
600988,赵美光
600990,国务院国有资产监督管理委员会
600992,贵州省国有资产监督管理委员会
600995,广东省国有资产监督管理委员会
600996,贵州广播电视台
600997,河北省人民政府国有资产监督管理委员会
600999,国务院国有资产监督管理委员会
601000,唐山市人民政府国有资产监督管理委员会
601001,山西省国有资产监督管理委员会
601002,蔡林玉华、蔡晋彰、蔡永龙、蔡雯婷
601003,广西壮族自治区国有资产监督管理委员会
601005,四源合股权投资管理有限公司
601006,中国铁路总公司
601007,江苏省国有资产监督管理委员会
601008,连云港市国有资产监督管理委员会
601010,徐长江
601012,李振国、李喜燕
601016,国务院国有资产监督管理委员会
601018,浙江省人民政府国有资产监督管理委员会
601019,山东省人民政府
601038,国务院国有资产监督管理委员会
601068,国务院国有资产监督管理委员会
601069,新疆维吾尔自治区人民政府国有资产监督管委员会
601086,张国芳、张春芳
601088,国务院国有资产监督管理委员会
601098,湖南省人民政府
601100,汪立平、钱佩新、汪奇
601101,北京市人民政府国有资产监督管理委员会
601106,国务院国有资产监督管理委员会
601107,四川省人民政府国有资产监督管理委员会
601108,浙江省财政厅
601111,国务院国有资产监督管理委员会
601113,丁志民、丁尔民、丁军民
601117,国务院国有资产监督管理委员会
601118,海南省国有资产监督管理委员会
601126,杨奇逊、王绪昭
601139,深圳市人民政府国有资产监督管理委员会
601158,重庆市国有资产监督管理委员会
601163,丁玉华
601168,青海省政府国有资产监督管理委员会
601177,杭州市萧山区财政局
601179,国务院国有资产监管管理委员会
601186,国务院国有资产监督管理委员会
601188,黑龙江省交通运输厅
601198,中华人民共和国财政部
601199,江阴市人民政府
601200,上海市国有资产监督管理委员会
601211,上海国际集团有限公司
601216,杜江涛
601225,陕西省人民政府国有资产监督管理委员会
601226,国务院国有资产监督管理委员会
601228,广州市人民政府国有资产监督管理委员会
601231,"张虔生,张洪本兄弟"
601236,中国烟草总公司
601238,广州市国有资产监督管理委员会
601258,庞庆华
601298,青岛市人民政府国有资产监督管理委员会
601326,河北省人民政府国有资产监督管理委员会
601330,北京市人民政府国有资产监督管理委员会
601333,中国铁路总公司
601339,杨卫新、杨卫国
601366,徐恭藻、徐瑞泽、赵钦霞
601368,南宁市人民政府国有资产监督管理委员会
601369,西安市人民政府国有资产监督管理委员会
601375,河南省发展和改革委员会
601377,福建省财政厅
601388,黄崇胜
601390,国务院国有资产监督管理委员会
601500,周耀庭、周海江、周鸣江、周海燕、顾萃、刘连红
601515,黄晓鹏、黄晓佳、黄炳文
601518,吉林省交通运输厅
601519,张长虹
601555,苏州市人民政府国有资产监督管理委员会
601567,郑坚江、何意菊
601579,金良顺
601588,北京市人民政府国有资产监督管理委员会
601595,上海市国有资产监督管理委员会
601598,国务院国有资产监督管理委员会
601600,国务院国有资产监督管理委员会
601606,安徽省国有资产监督管理委员会
601607,上海市国有资产监督管理委员会
601608,财政部
601611,国务院国有资产监督管理委员会
601615,吴玲、张传卫、张瑞
601618,国务院国有资产监督管理委员会
601628,中华人民共和国财政部
601666,河南省国有资产监督管理委员会
601668,国务院国有资产监督管理委员会
601669,国务院国有资产监督管理委员会
601678,张忠正、石秦岭、李德敏、金建全、王黎明、王树华、初照圣、杜秋敏、刘维群、赵红星、石静远、公小雨
601688,江苏省人民政府国有资产监督管理委员会
601698,国务院国有资产监督管理委员会
601699,山西省人民政府国有资产监督管理委员会
601717,河南省人民政府国有资产监督管理委员会
601718,国务院国有资产监督管理委员会
601727,上海市国有资产监督管理委员会
601766,国务院国有资产监督管理委员会
601777,尹明善、陈巧凤、尹索微、尹喜地
601788,中华人民共和国国务院
601789,宁波市人民政府国有资产监督管理委员会
601798,国务院国有资产监督管理委员会
601800,国务院国有资产监督管理委员会
601801,安徽省人民政府
601808,国务院国有资产监督管理委员会
601811,四川省政府国有资产监督管理委员会
601818,中央汇金投资有限责任公司
601857,国务院国有资产监督管理委员会
601858,中国科学院控股有限公司
601865,阮洪良、阮泽云、姜瑾华、赵晓非
601866,国务院国有资产监督管理委员会
601872,国务院国有资产监督管理委员会
601878,浙江省交通投资集团有限公司
601880,招商局集团有限公司
601881,中央汇金投资有限责任公司
601882,张静章、张剑鸣、张静来、钱耀恩
601886,刘载望、富海霞
601888,国务院国有资产监督管理委员会
601890,陶安祥、陶兴、施建华、陶媛
601898,国务院国有资产监督管理委员会
601899,福建省上杭县国资委
601900,广东省人民政府
601901,中华人民共和国教育部
601908,冯焕培、范朝霞
601918,国务院国有资产监督管理委员会
601919,国务院国有资产监督管理委员会
601928,江苏省人民政府
601929,吉林广播电视台
601939,中国投资有限责任公司
601949,中国出版集团有限公司
601952,江苏省国有资产监督管理委员会
601958,陕西省人民政府国有资产监督管理委员会
601965,国务院国有资产监督管理委员会
601966,王希成、王锋、王琳、张光英
601968,中国宝武钢铁集团有限公司
601969,郭广昌
601975,国务院国有资产监督管理委员会
601985,国务院国资委
601988,中国投资有限责任公司
601989,国务院国有资产监督管理委员会
601990,南京市人民政府国有资产监督管理委员会
601991,国务院国有资产监督管理委员会
601992,北京市人民政府国有资产监督管理委员会
601998,中华人民共和国财政部
601999,辽宁省人民政府国有资产监督管理委员会
603000,人民日报社
603002,Grace Tsu Han Wong、王文洋
603003,徐增增、刘策、刘振光
603006,徐涛明、吉蔚娣
603007,肖国强
603010,高献国、高峰、高远夏、郑国富、高强
603013,国家开发投资集团有限公司
603015,周珊珊、熊钰麟
603016,赵汉新、赵敏海
603019,中国科学院计算技术研究所
603021,张德华、张刚
603025,北京市国有资产监督管理委员会
603026,中国石油大学(华东)
603028,崔志强
603029,山东省供销合作社联合社
603031,袁永刚、王文娟
603032,胡成中
603033,叶继跃、张桂玉
603035,罗小春、王卫清
603037,杨颖韬、杨建刚、李建星、刘仁山、侯瑞宏、高丽
603038,谭洪汝、谢劭庄
603040,徐纳、胡欣
603043,广州市人民政府国有资产监督管理委员会
603050,张成锁、李砚如、屈国旺、邱士勇、董彩宏
603055,施秀幼、施清岛
603058,邓代兴、邓维加
603060,国务院国有资产监督管理委员会
603063,韩玉、盛小军、夏泉波、柳国英
603068,Pengfei Zhang、Dawei Guo
603069,海南省政府国有资产监督管理委员会
603076,赖云来、黄粤宁
603081,丰华、王小红、丰嘉隆、丰嘉敏
603085,陈邦锐、许筱荷
603088,郑良才、郑功、徐俭芬
603089,郑连松、郑连平、郑念辉
603090,钮玉霞、钮法清
603093,横店社团经济企业联合会
603096,陈明俊、陈李平
603098,刘爱森、李桂茹
603099,吉林省长白山保护开发区管理委员会
603100,重庆市国有资产监督管理委员会
603103,横店社团经济企业联合会
603105,张利忠、张震豪、张文娟
603108,杭州市下城区人民政府
603110,樊家驹、朱君斐
603113,秦庆平、王咏梅
603115,严季新、施克俭
603123,北京市海淀区国有资产监督管理委员会
603126,国务院国有资产监督管理委员会
603127,冯宇霞、周志文
603128,国务院国有资产监督管理委员会
603131,舒宏瑞、舒振宇、缪莉萍
603138,朱华威、陈志敏
603158,蒋学真、董晓燕
603159,谢亚明、谢悦
603161,陈洪民、陈小科
603165,冯荣华、张云芳
603167,辽宁省人民政府国有资产监督管理委员会
603169,甘肃省国有资产监督管理委员会
603177,金猛、黄浙燕
603178,罗玉龙、罗力成、陈雅卿
603179,唐志华、唐敖齐
603180,温建怀、潘孝贞
603181,王伟松、马荣芬
603183,吴小翔、黄春生、王惠明、吴其超
603185,杨建良、杭虹
603186,汪力成
603188,许小初、许旭东、许芸霞
603192,钱建中、颜群
603196,王卫东、曲江亭
603197,陈洪凌、张祖秋、宋瑾
603199,安徽省人民政府国有资产监督管理委员会
603200,王炜、翁晖岚
603203,金春、戚国强
603214,施琼、莫锐强、董勤存、戚继伟
603218,傅明康、陈建敏、傅凌儿
603220,李六兵、梅漫
603222,李仙玉、张雪琴、李慧慧、李丽莎、别涌、田云飞
603225,庄奎龙、屈凤琪、庄耀中
603227,新疆维吾尔自治区人民政府国有资产监督管理委员会
603228,黄小芬、卓军、赖以明、刘绍柏
603232,孔令钢、陆海天
603233,柯云峰、柯金龙、柯康保
603256,Grace Tsu Han Wong、王文洋
603258,陈芳、胡建平、胡玉彪
603259,Ge Li、刘晓钟、张朝晖、Ning Zhao
603266,张秀君、胡建立
603268,陈建华、范红卫
603269,金敖大、吴祝平
603278,窦勇、窦宝森
603283,孙丰、曾慧
603286,是蓉珠、陆鹏
603288,"庞康,程雪,黄文彪,吴振兴,叶燕桥,陈军阳"
603289,郑建国、何英
603297,曹其东、曹袁丽萍
603299,江苏省人民政府国有资产监督管理委员会
603301,鲁建国、沈振芳
603303,横店社团经济企业联合会
603306,王雅筠、赖敏聪、赖方静静
603311,丁宏广、丁梅英
603315,吕世平
603317,邓文、唐璐
603318,山东省人民政府国有资产监督管理委员会
603320,吴建荣、吴储正
603321,钱雪林、钱雪根
603326,缪妍缇、汪春俊
603327,福建省国有资产监督管理委员会
603328,李铭浚、李永强、李永胜
603331,施小友、阮吉林、张启春、张启斌
603332,席文杰、席靓
603333,李广元
603335,Sindy Yi Min Zhao、赵瑞贞、罗洁
603336,黄俊辉、郑幼文
603337,胡彩芳、阮福德、阮积明、阮积祥
603348,唐杰邦、唐杰雄
603351,吴仁荣、陈新国、高正松
603356,黄业华、黄超、马息萍
603357,安徽省国有资产监督管理委员会
603359,席惠明、浦建芬
603360,刘宪武、王文锋
603365,李来斌、谢秋花、李裕陆、李裕高
603369,江苏省涟水县人民政府
603379,胡荣达
603380,钱新栋、钱小洁
603385,王惠文、王彦庆、董化忠、王彦伟
603389,高伟、高银楠、户美云
603390,邢映彪、陈丽娜
603396,李义升、杨延
603398,吴锭辉、吴锭延、吴玉娜、吴玉霞
603399,郑永刚
603421,曾繁忆、王建华
603456,花轩德、花莉蓉、花晓慧
603466,辛浩鹰、李晖
603486,钱东奇、DavidChengQian
603488,金培荣、奚方、丁煜、常呈建、杨一农
603496,沈振宇、胡德勇、王翔
603500,汤友钱、汤娇、汤文鸣、汤啸、汤秋娟、鲍晓华、范淑贞
603507,胡震、卜春华
603508,郭洁、王卫平、李欣
603515,马秀慧、王耀海
603518,王致勤、宋艳俊
603520,胡锦生、胡健
603527,封全虎、周丽
603530,马斌、陈小琴
603533,张凌云、成湘均
603535,段容文、黄艳婷、黄平、黄艳芸
603536,惠增玉、赵宏宇
603559,"王世超,唐志元,李春田,李全林,张显坤,王振刚,张建民,田国华,于生祥,孟奇"
603568,项光明、朱善玉、朱善银、王素勤
603569,薄世久、李桂屏
603577,刘艳华、刘锋
603578,杨敏、杨阿永
603579,林琪、林光荣
603580,涂木林、蔡瑞美
603589,徐进、刘安省
603590,刘建华、王锡娟
603595,沈新芳、沈晓宇
603598,罗衍记、蒋丽
603599,黄金祥、赵启荣
603600,张加勇、尚巍巍
603605,侯军呈、方爱琴
603606,夏崇耀、袁黎雨
603608,李林、梁耀华
603613,钱晓钧、刘泉
603615,陈冠宇、陈葵生、陈明生、林世福、陈福生
603616,北京市房山韩村河镇韩村河村经济合作社
603617,张阿华、陈惠菊、张君波
603618,孙庆炎家族
603619,朱逢学、李玉池
603626,徐金根、王冬梅
603629,邵树伟、邵秋萍、邵培生、史旭平
603630,吴桂谦、Laurena Wu、吴滨华
603638,冯晓鸿、宋飞、宋宇轩
603639,张爱英、葛尧伦、葛家成
603648,上海市浦东新区国有资产监督管理委员会
603650,Zhang Ning、Liu Dong Sheng
603655,戚建国、范小凤
603657,陈正明、陈凯、陈弘旋、张春霞
603663,夏鹏、吴世平、卢庄司
603665,张间芳、张惠莉、张家地
603667,张峰、俞越蕾
603669,陶灵萍、陶灵刚
603677,汪永琪、汪兴琪、汪东敏、汪伟东
603678,蔡明通、蔡劲军
603679,梁熹、梁钰祥、王绍蓉
603680,俞金坤、戈建鸣
603681,吕新民、郭雪燕
603683,周晓南、周晓东
603685,何文健、魏新娟
603687,方吾校、方能斌、方聪艺
603689,安徽省人民政府国有资产监督管理委员会
603693,江苏省人民政府
603697,鹿有忠、赵英、鹿新
603698,中国航天科技集团公司
603699,陆斌、王保庆、席超、程章文
603700,张世豪、王宗辉、徐云、赵绍满、王开拓、张琳
603701,张元园、张宏保
603703,叶利明、徐凤娟
603706,李明、李伟伟
603707,谢菊华、唐咏群、丁莹
603709,曹勇、胡林福
603711,蒋建琪、陆家华
603712,天津市国有资产监督管理委员会
603713,陈银河、李仁莉、慎蕾
603717,罗卫国、史东伟
603721,长沙广播电视集团
603722,朱学军、崔小丽
603726,高炎康、干玲娟、高文铭
603728,常建鸣、傅磊
603729,段佩璋、方小琴
603730,姜银台、姜明
603733,王敏文、王敏良、王敏强、王明龙、王敏岚
603738,喻信东、王丹、喻信辉、喻慧玲
603739,黄炳亮、张效成
603757,韩元富、韩元平、韩元再、王国良、徐伟建
603767,吴江、吴良行
603768,吴应宏、朱慧娟
603777,施永雷、郁瑞芬、施辉
603778,杨静、回全福
603786,柯桂华、柯炳华
603787,张崇舜、陈玉英
603788,钱高法、钱国年、钱国耀
603789,章沈强、钱菊花
603790,谢兵、顾喆栋、郑怡华
603797,黄建勲、黄婉茹、黄振达
603798,朱梅珍、朱振华
603799,谢伟通、陈雪华
603801,孙志勇、许帮顺
603803,高磊、李月杰、任建宏、朱春城、王剑铭、冯雪松
603808,夏国新、胡咏梅
603809,向朝东、徐应超、向星星、杜庭强、向朝明
603810,殷凤山、殷平
603815,俞发祥
603816,顾江生、顾玉华、王火仙
603817,福州市人民政府国有资产监督管理委员会
603818,赵瑞海、赵瑞宾
603828,顾益明、顾龙棣、顾佳、朱彩珍
603829,谈行、臧文明、汤其敏、谈建平、陈明
603838,蔡镇城、蔡镇锋、蔡镇茂、蔡镇通、李维香
603843,金生光、金生辉、李建莉
603848,沈汉标、王妙玉
603859,赵岚、祖军、于胜涛
603860,交通运输部公路科学研究所
603861,胡明聪、胡明高、胡明森、胡明光、胡合意
603863,王壮鹏、王壮加
603866,吴学群、吴学亮、吴志刚、盛雅莉、吴学东
603871,韩景华、孟联
603876,周贤海、王小丽
603877,张江平、张江波
603878,朱国良、朱琦、顾坚勤、沈卫强
603879,傅文昌、付文英、付水法、付秀珍
603881,上海市静安区国有资产监督管理委员会
603883,谢子龙、陈秀兰
603887,谢晓东、卢静芳
603888,新华通讯社
603895,荣俊林、荣青
603896,李明焱、朱惠照、李振皓、李振宇
603897,顾林祥、沈宝珠
603898,沈汉标、王妙玉
603899,陈湖文、陈湖雄、陈雪玲
603900,沈东军、马峻
603901,吕婕、罗邦毅
603906,石俊峰、朱香兰
603908,陆暾华、陆暾峰
603909,黄和宾、刘德全、何大喜、陈天培、陈俊平、黄爱平、林东明、高玮琳
603915,徐彬、徐国忠、沈惠萍
603916,缪昌文、刘加平、张建雄
603917,施良才、樊开曙、施元直、樊开源、施定威、蔡振贤、贺朝阳
603918,金国培
603922,洪伟涵、洪建沧
603926,张智林、张婷
603927,中国科学院软件研究所
603928,王进兴、王泉兴、沈根珍、曹连英
603929,姚祖骧、赵玉华
603936,徐缓、谢小梅
603937,蔡征国、蔡红
603955,栾剑洪、范荷娣
603956,李纪玺、孙海玲
603958,陈玉珍、吴珍芳、陈玉荣、陈玉芳、陈玉兴
603959,王海荣、王立言
603960,谈士力、陈久康
603963,杨君祥、杨清龙、尹翠仙
603966,金红萍、陶峰华
603967,李松青、葛言华、谢立军
603968,顾清泉、丁彩峰、庆九、帅建新、钱进、薛金全
603969,谢铁桥、谢铁根
603970,中华全国供销合作总社
603976,邓勇、邓秋晗、姜惠
603977,江西省国有资产监督管理委员会
603979,王先成、王慈成、王友成、王亦成、王意成
603980,邵伯金、徐建初
603983,孙怀庆、王晓蒲
603987,郑爱平、张宪淼、张伟
603989,艾立华、王安安
603992,周华松、吴文利
603993,于泳
603996,陈德松、江珍慧
603997,邬碧峰、王继民、王义平
603999,甘肃省人民政府
688001,陈文源、张茜
688006,曹骥、曹政
688009,国务院国有资产监督管理委员会
688011,康为民、康立新
688020,胡云连、苏陟、李冬梅
688021,潘吉庆、于发明、王建忠
688028,陈继锋、杨诺
688066,张燕、王宇翔
688088,Hui Deng、Liuhong Yang
688098,杨玉芳、杨从州、王东亮、聂东升
688099,John Zhong、Yeeping Chen Zhong
688101,蓝伟光、陈霓
688116,郑涛、严燕、张美杰、蔡永略、叶亚文
688122,陕西省财政厅
688128,国务院国有资产监督管理委员会
688138,"唐英敏,唐英年"
688139,海尔集团公司
688166,袁建栋、钟伟芳
688188,唐晔、代田田、卢琳、万章、谢淼
688196,叶活动、罗春妹、叶劭婧
688199,赵国锋、王立新
688202,陈金章、陈建煌、CHUN-LIN CHEN
688300,李晓冬、李长之
688358,莫若理、陆坚、莫善珏
688366,蒋伟、游捷
688368,胡黎强、刘洁茜
830799,吴臻、张岩
830809,刘国安、刘建波、李忠、朱荣华
831063,安徽省人民政府
831102,邢卫民、喻自文
831173,郑汉杰、孙伟文
831213,金碧华、夏亚萍
831856,倪军、倪代红、倪红艳、倪海燕、倪世和
831971,陈妙林
832238,韩谦、禹培根
832255,刘志洪、陈中杰、刘菊茹
832283,陈刚、潘美珍、任旭东、陈婷
832388,熊永宏、熊咏鸽
832491,张曙光、黄海涛
833137,刘威、刘国学、陶建芳
833831,郭强、郭鑫龙
834195,由艳丽、王斌
834316,张学山、张超凡、张学林
834765,黄华侨、蔡秀莹
836019,宣奇武、刘剑
836099,周孝伟、罗素玲
837069,李杰、韩超
838982,许奕川、许光荣
